"color","hex","name","rgb"
"AliceBlue","#F0F8FF","AliceBlue","rgb(240, 248, 255)"
"AntiqueWhite","#FAEBD7","AntiqueWhite","rgb(250, 235, 215)"
"AntiqueWhite1","#FFEFDB","AntiqueWhite1","rgb(255, 239, 219)"
"AntiqueWhite2","#EEDFCC","AntiqueWhite2","rgb(238, 223, 204)"
"AntiqueWhite3","#CDC0B0","AntiqueWhite3","rgb(205, 192, 176)"
"AntiqueWhite4","#8B8378","AntiqueWhite4","rgb(139, 131, 120)"
"aqua","#00FFFF","aqua","rgb(0, 255, 255)"
"aquamarine","#7FFFD4","aquamarine","rgb(127, 255, 212)"
"aquamarine1","#7FFFD4","aquamarine1","rgb(127, 255, 212)"
"aquamarine2","#76EEC6","aquamarine2","rgb(118, 238, 198)"
"aquamarine3","#66CDAA","aquamarine3","rgb(102, 205, 170)"
"aquamarine4","#458B74","aquamarine4","rgb(69, 139, 116)"
"azure","#F0FFFF","azure","rgb(240, 255, 255)"
"azure1","#F0FFFF","azure1","rgb(240, 255, 255)"
"azure2","#E0EEEE","azure2","rgb(224, 238, 238)"
"azure3","#C1CDCD","azure3","rgb(193, 205, 205)"
"azure4","#838B8B","azure4","rgb(131, 139, 139)"
"beige","#F5F5DC","beige","rgb(245, 245, 220)"
"bisque","#FFE4C4","bisque","rgb(255, 228, 196)"
"bisque1","#FFE4C4","bisque1","rgb(255, 228, 196)"
"bisque2","#EED5B7","bisque2","rgb(238, 213, 183)"
"bisque3","#CDB79E","bisque3","rgb(205, 183, 158)"
"bisque4","#8B7D6B","bisque4","rgb(139, 125, 107)"
"black","#000000","black","rgb(0, 0, 0)"
"BlanchedAlmond","#FFEBCD","BlanchedAlmond","rgb(255, 235, 205)"
"blue","#0000FF","blue","rgb(0, 0, 255)"
"blue1","#0000FF","blue1","rgb(0, 0, 255)"
"blue2","#0000EE","blue2","rgb(0, 0, 238)"
"blue3","#0000CD","blue3","rgb(0, 0, 205)"
"blue4","#00008B","blue4","rgb(0, 0, 139)"
"BlueViolet","#8A2BE2","BlueViolet","rgb(138, 43, 226)"
"brown","#A52A2A","brown","rgb(165, 42, 42)"
"brown1","#FF4040","brown1","rgb(255, 64, 64)"
"brown2","#EE3B3B","brown2","rgb(238, 59, 59)"
"brown3","#CD3333","brown3","rgb(205, 51, 51)"
"brown4","#8B2323","brown4","rgb(139, 35, 35)"
"burlywood","#DEB887","burlywood","rgb(222, 184, 135)"
"burlywood1","#FFD39B","burlywood1","rgb(255, 211, 155)"
"burlywood2","#EEC591","burlywood2","rgb(238, 197, 145)"
"burlywood3","#CDAA7D","burlywood3","rgb(205, 170, 125)"
"burlywood4","#8B7355","burlywood4","rgb(139, 115, 85)"
"cadet blue","#5F9EA0","cadet blue","rgb(95, 158, 160)"
"CadetBlue","#5F9EA0","CadetBlue","rgb(95, 158, 160)"
"CadetBlue1","#98F5FF","CadetBlue1","rgb(152, 245, 255)"
"CadetBlue2","#8EE5EE","CadetBlue2","rgb(142, 229, 238)"
"CadetBlue3","#7AC5CD","CadetBlue3","rgb(122, 197, 205)"
"CadetBlue4","#53868B","CadetBlue4","rgb(83, 134, 139)"
"chartreuse","#7FFF00","chartreuse","rgb(127, 255, 0)"
"chartreuse1","#7FFF00","chartreuse1","rgb(127, 255, 0)"
"chartreuse2","#76EE00","chartreuse2","rgb(118, 238, 0)"
"chartreuse3","#66CD00","chartreuse3","rgb(102, 205, 0)"
"chartreuse4","#458B00","chartreuse4","rgb(69, 139, 0)"
"chocolate","#D2691E","chocolate","rgb(210, 105, 30)"
"chocolate1","#FF7F24","chocolate1","rgb(255, 127, 36)"
"chocolate2","#EE7621","chocolate2","rgb(238, 118, 33)"
"chocolate3","#CD661D","chocolate3","rgb(205, 102, 29)"
"chocolate4","#8B4513","chocolate4","rgb(139, 69, 19)"
"coral","#FF7F50","coral","rgb(255, 127, 80)"
"coral1","#FF7256","coral1","rgb(255, 114, 86)"
"coral2","#EE6A50","coral2","rgb(238, 106, 80)"
"coral3","#CD5B45","coral3","rgb(205, 91, 69)"
"coral4","#8B3E2F","coral4","rgb(139, 62, 47)"
"CornflowerBlue","#6495ED","CornflowerBlue","rgb(100, 149, 237)"
"cornsilk","#FFF8DC","cornsilk","rgb(255, 248, 220)"
"cornsilk1","#FFF8DC","cornsilk1","rgb(255, 248, 220)"
"cornsilk2","#EEE8CD","cornsilk2","rgb(238, 232, 205)"
"cornsilk3","#CDC8B1","cornsilk3","rgb(205, 200, 177)"
"cornsilk4","#8B8878","cornsilk4","rgb(139, 136, 120)"
"crimson","#DC143C","crimson","rgb(220, 20, 60)"
"cyan","#00FFFF","cyan","rgb(0, 255, 255)"
"cyan1","#00FFFF","cyan1","rgb(0, 255, 255)"
"cyan2","#00EEEE","cyan2","rgb(0, 238, 238)"
"cyan3","#00CDCD","cyan3","rgb(0, 205, 205)"
"cyan4","#008B8B","cyan4","rgb(0, 139, 139)"
"DarkBlue","#00008B","DarkBlue","rgb(0, 0, 139)"
"DarkCyan","#008B8B","DarkCyan","rgb(0, 139, 139)"
"DarkGoldenrod","#B8860B","DarkGoldenrod","rgb(184, 134, 11)"
"DarkGoldenrod1","#FFB90F","DarkGoldenrod1","rgb(255, 185, 15)"
"DarkGoldenrod2","#EEAD0E","DarkGoldenrod2","rgb(238, 173, 14)"
"DarkGoldenrod3","#CD950C","DarkGoldenrod3","rgb(205, 149, 12)"
"DarkGoldenrod4","#8B6508","DarkGoldenrod4","rgb(139, 101, 8)"
"DarkGray","#A9A9A9","DarkGray","rgb(169, 169, 169)"
"DarkGreen","#006400","DarkGreen","rgb(0, 100, 0)"
"DarkGrey","#A9A9A9","DarkGrey","rgb(169, 169, 169)"
"DarkKhaki","#BDB76B","DarkKhaki","rgb(189, 183, 107)"
"DarkMagenta","#8B008B","DarkMagenta","rgb(139, 0, 139)"
"DarkOliveGreen","#556B2F","DarkOliveGreen","rgb(85, 107, 47)"
"DarkOliveGreen1","#CAFF70","DarkOliveGreen1","rgb(202, 255, 112)"
"DarkOliveGreen2","#BCEE68","DarkOliveGreen2","rgb(188, 238, 104)"
"DarkOliveGreen3","#A2CD5A","DarkOliveGreen3","rgb(162, 205, 90)"
"DarkOliveGreen4","#6E8B3D","DarkOliveGreen4","rgb(110, 139, 61)"
"DarkOrange","#FF8C00","DarkOrange","rgb(255, 140, 0)"
"DarkOrange1","#FF7F00","DarkOrange1","rgb(255, 127, 0)"
"DarkOrange2","#EE7600","DarkOrange2","rgb(238, 118, 0)"
"DarkOrange3","#CD6600","DarkOrange3","rgb(205, 102, 0)"
"DarkOrange4","#8B4500","DarkOrange4","rgb(139, 69, 0)"
"DarkOrchid","#9932CC","DarkOrchid","rgb(153, 50, 204)"
"DarkOrchid1","#BF3EFF","DarkOrchid1","rgb(191, 62, 255)"
"DarkOrchid2","#B23AEE","DarkOrchid2","rgb(178, 58, 238)"
"DarkOrchid3","#9A32CD","DarkOrchid3","rgb(154, 50, 205)"
"DarkOrchid4","#68228B","DarkOrchid4","rgb(104, 34, 139)"
"DarkRed","#8B0000","DarkRed","rgb(139, 0, 0)"
"DarkSalmon","#E9967A","DarkSalmon","rgb(233, 150, 122)"
"DarkSeaGreen","#8FBC8F","DarkSeaGreen","rgb(143, 188, 143)"
"DarkSeaGreen1","#C1FFC1","DarkSeaGreen1","rgb(193, 255, 193)"
"DarkSeaGreen2","#B4EEB4","DarkSeaGreen2","rgb(180, 238, 180)"
"DarkSeaGreen3","#9BCD9B","DarkSeaGreen3","rgb(155, 205, 155)"
"DarkSeaGreen4","#698B69","DarkSeaGreen4","rgb(105, 139, 105)"
"DarkSlateBlue","#483D8B","DarkSlateBlue","rgb(72, 61, 139)"
"DarkSlateGray","#2F4F4F","DarkSlateGray","rgb(47, 79, 79)"
"DarkSlateGray1","#97FFFF","DarkSlateGray1","rgb(151, 255, 255)"
"DarkSlateGray2","#8DEEEE","DarkSlateGray2","rgb(141, 238, 238)"
"DarkSlateGray3","#79CDCD","DarkSlateGray3","rgb(121, 205, 205)"
"DarkSlateGray4","#528B8B","DarkSlateGray4","rgb(82, 139, 139)"
"DarkSlateGrey","#2F4F4F","DarkSlateGrey","rgb(47, 79, 79)"
"DarkTurquoise","#00CED1","DarkTurquoise","rgb(0, 206, 209)"
"DarkViolet","#9400D3","DarkViolet","rgb(148, 0, 211)"
"DeepPink","#FF1493","DeepPink","rgb(255, 20, 147)"
"DeepPink1","#FF1493","DeepPink1","rgb(255, 20, 147)"
"DeepPink2","#EE1289","DeepPink2","rgb(238, 18, 137)"
"DeepPink3","#CD1076","DeepPink3","rgb(205, 16, 118)"
"DeepPink4","#8B0A50","DeepPink4","rgb(139, 10, 80)"
"DeepSkyBlue","#00BFFF","DeepSkyBlue","rgb(0, 191, 255)"
"DeepSkyBlue1","#00BFFF","DeepSkyBlue1","rgb(0, 191, 255)"
"DeepSkyBlue2","#00B2EE","DeepSkyBlue2","rgb(0, 178, 238)"
"DeepSkyBlue3","#009ACD","DeepSkyBlue3","rgb(0, 154, 205)"
"DeepSkyBlue4","#00688B","DeepSkyBlue4","rgb(0, 104, 139)"
"DimGray","#696969","DimGray","rgb(105, 105, 105)"
"DimGrey","#696969","DimGrey","rgb(105, 105, 105)"
"DodgerBlue","#1E90FF","DodgerBlue","rgb(30, 144, 255)"
"DodgerBlue1","#1E90FF","DodgerBlue1","rgb(30, 144, 255)"
"DodgerBlue2","#1C86EE","DodgerBlue2","rgb(28, 134, 238)"
"DodgerBlue3","#1874CD","DodgerBlue3","rgb(24, 116, 205)"
"DodgerBlue4","#104E8B","DodgerBlue4","rgb(16, 78, 139)"
"firebrick","#B22222","firebrick","rgb(178, 34, 34)"
"firebrick1","#FF3030","firebrick1","rgb(255, 48, 48)"
"firebrick2","#EE2C2C","firebrick2","rgb(238, 44, 44)"
"firebrick3","#CD2626","firebrick3","rgb(205, 38, 38)"
"firebrick4","#8B1A1A","firebrick4","rgb(139, 26, 26)"
"FloralWhite","#FFFAF0","FloralWhite","rgb(255, 250, 240)"
"ForestGreen","#228B22","ForestGreen","rgb(34, 139, 34)"
"fractal","#808080","fractal","rgb(128, 128, 128)"
"fuchsia","#FF00FF","fuchsia","rgb(255, 0, 255)"
"gainsboro","#DCDCDC","gainsboro","rgb(220, 220, 220)"
"GhostWhite","#F8F8FF","GhostWhite","rgb(248, 248, 255)"
"gold","#FFD700","gold","rgb(255, 215, 0)"
"gold1","#FFD700","gold1","rgb(255, 215, 0)"
"gold2","#EEC900","gold2","rgb(238, 201, 0)"
"gold3","#CDAD00","gold3","rgb(205, 173, 0)"
"gold4","#8B7500","gold4","rgb(139, 117, 0)"
"goldenrod","#DAA520","goldenrod","rgb(218, 165, 32)"
"goldenrod1","#FFC125","goldenrod1","rgb(255, 193, 37)"
"goldenrod2","#EEB422","goldenrod2","rgb(238, 180, 34)"
"goldenrod3","#CD9B1D","goldenrod3","rgb(205, 155, 29)"
"goldenrod4","#8B6914","goldenrod4","rgb(139, 105, 20)"
"gray","#7E7E7E","gray","rgb(126, 126, 126)"
"gray0","#000000","gray0","rgb(0, 0, 0)"
"gray1","#030303","gray1","rgb(3, 3, 3)"
"gray10","#1A1A1A","gray10","rgb(26, 26, 26)"
"gray100","#FFFFFF","gray100","rgb(255, 255, 255)"
"gray11","#1C1C1C","gray11","rgb(28, 28, 28)"
"gray12","#1F1F1F","gray12","rgb(31, 31, 31)"
"gray13","#212121","gray13","rgb(33, 33, 33)"
"gray14","#242424","gray14","rgb(36, 36, 36)"
"gray15","#262626","gray15","rgb(38, 38, 38)"
"gray16","#292929","gray16","rgb(41, 41, 41)"
"gray17","#2B2B2B","gray17","rgb(43, 43, 43)"
"gray18","#2E2E2E","gray18","rgb(46, 46, 46)"
"gray19","#303030","gray19","rgb(48, 48, 48)"
"gray2","#050505","gray2","rgb(5, 5, 5)"
"gray20","#333333","gray20","rgb(51, 51, 51)"
"gray21","#363636","gray21","rgb(54, 54, 54)"
"gray22","#383838","gray22","rgb(56, 56, 56)"
"gray23","#3B3B3B","gray23","rgb(59, 59, 59)"
"gray24","#3D3D3D","gray24","rgb(61, 61, 61)"
"gray25","#404040","gray25","rgb(64, 64, 64)"
"gray26","#424242","gray26","rgb(66, 66, 66)"
"gray27","#454545","gray27","rgb(69, 69, 69)"
"gray28","#474747","gray28","rgb(71, 71, 71)"
"gray29","#4A4A4A","gray29","rgb(74, 74, 74)"
"gray3","#080808","gray3","rgb(8, 8, 8)"
"gray30","#4D4D4D","gray30","rgb(77, 77, 77)"
"gray31","#4F4F4F","gray31","rgb(79, 79, 79)"
"gray32","#525252","gray32","rgb(82, 82, 82)"
"gray33","#545454","gray33","rgb(84, 84, 84)"
"gray34","#575757","gray34","rgb(87, 87, 87)"
"gray35","#595959","gray35","rgb(89, 89, 89)"
"gray36","#5C5C5C","gray36","rgb(92, 92, 92)"
"gray37","#5E5E5E","gray37","rgb(94, 94, 94)"
"gray38","#616161","gray38","rgb(97, 97, 97)"
"gray39","#636363","gray39","rgb(99, 99, 99)"
"gray4","#0A0A0A","gray4","rgb(10, 10, 10)"
"gray40","#666666","gray40","rgb(102, 102, 102)"
"gray41","#696969","gray41","rgb(105, 105, 105)"
"gray42","#6B6B6B","gray42","rgb(107, 107, 107)"
"gray43","#6E6E6E","gray43","rgb(110, 110, 110)"
"gray44","#707070","gray44","rgb(112, 112, 112)"
"gray45","#737373","gray45","rgb(115, 115, 115)"
"gray46","#757575","gray46","rgb(117, 117, 117)"
"gray47","#787878","gray47","rgb(120, 120, 120)"
"gray48","#7A7A7A","gray48","rgb(122, 122, 122)"
"gray49","#7D7D7D","gray49","rgb(125, 125, 125)"
"gray5","#0D0D0D","gray5","rgb(13, 13, 13)"
"gray50","#7F7F7F","gray50","rgb(127, 127, 127)"
"gray51","#828282","gray51","rgb(130, 130, 130)"
"gray52","#858585","gray52","rgb(133, 133, 133)"
"gray53","#878787","gray53","rgb(135, 135, 135)"
"gray54","#8A8A8A","gray54","rgb(138, 138, 138)"
"gray55","#8C8C8C","gray55","rgb(140, 140, 140)"
"gray56","#8F8F8F","gray56","rgb(143, 143, 143)"
"gray57","#919191","gray57","rgb(145, 145, 145)"
"gray58","#949494","gray58","rgb(148, 148, 148)"
"gray59","#969696","gray59","rgb(150, 150, 150)"
"gray6","#0F0F0F","gray6","rgb(15, 15, 15)"
"gray60","#999999","gray60","rgb(153, 153, 153)"
"gray61","#9C9C9C","gray61","rgb(156, 156, 156)"
"gray62","#9E9E9E","gray62","rgb(158, 158, 158)"
"gray63","#A1A1A1","gray63","rgb(161, 161, 161)"
"gray64","#A3A3A3","gray64","rgb(163, 163, 163)"
"gray65","#A6A6A6","gray65","rgb(166, 166, 166)"
"gray66","#A8A8A8","gray66","rgb(168, 168, 168)"
"gray67","#ABABAB","gray67","rgb(171, 171, 171)"
"gray68","#ADADAD","gray68","rgb(173, 173, 173)"
"gray69","#B0B0B0","gray69","rgb(176, 176, 176)"
"gray7","#121212","gray7","rgb(18, 18, 18)"
"gray70","#B3B3B3","gray70","rgb(179, 179, 179)"
"gray71","#B5B5B5","gray71","rgb(181, 181, 181)"
"gray72","#B8B8B8","gray72","rgb(184, 184, 184)"
"gray73","#BABABA","gray73","rgb(186, 186, 186)"
"gray74","#BDBDBD","gray74","rgb(189, 189, 189)"
"gray75","#BFBFBF","gray75","rgb(191, 191, 191)"
"gray76","#C2C2C2","gray76","rgb(194, 194, 194)"
"gray77","#C4C4C4","gray77","rgb(196, 196, 196)"
"gray78","#C7C7C7","gray78","rgb(199, 199, 199)"
"gray79","#C9C9C9","gray79","rgb(201, 201, 201)"
"gray8","#141414","gray8","rgb(20, 20, 20)"
"gray80","#CCCCCC","gray80","rgb(204, 204, 204)"
"gray81","#CFCFCF","gray81","rgb(207, 207, 207)"
"gray82","#D1D1D1","gray82","rgb(209, 209, 209)"
"gray83","#D4D4D4","gray83","rgb(212, 212, 212)"
"gray84","#D6D6D6","gray84","rgb(214, 214, 214)"
"gray85","#D9D9D9","gray85","rgb(217, 217, 217)"
"gray86","#DBDBDB","gray86","rgb(219, 219, 219)"
"gray87","#DEDEDE","gray87","rgb(222, 222, 222)"
"gray88","#E0E0E0","gray88","rgb(224, 224, 224)"
"gray89","#E3E3E3","gray89","rgb(227, 227, 227)"
"gray9","#171717","gray9","rgb(23, 23, 23)"
"gray90","#E5E5E5","gray90","rgb(229, 229, 229)"
"gray91","#E8E8E8","gray91","rgb(232, 232, 232)"
"gray92","#EBEBEB","gray92","rgb(235, 235, 235)"
"gray93","#EDEDED","gray93","rgb(237, 237, 237)"
"gray94","#F0F0F0","gray94","rgb(240, 240, 240)"
"gray95","#F2F2F2","gray95","rgb(242, 242, 242)"
"gray96","#F5F5F5","gray96","rgb(245, 245, 245)"
"gray97","#F7F7F7","gray97","rgb(247, 247, 247)"
"gray98","#FAFAFA","gray98","rgb(250, 250, 250)"
"gray99","#FCFCFC","gray99","rgb(252, 252, 252)"
"green","#008000","green","rgb(0, 128, 0)"
"green1","#00FF00","green1","rgb(0, 255, 0)"
"green2","#00EE00","green2","rgb(0, 238, 0)"
"green3","#00CD00","green3","rgb(0, 205, 0)"
"green4","#008B00","green4","rgb(0, 139, 0)"
"GreenYellow","#ADFF2F","GreenYellow","rgb(173, 255, 47)"
"grey0","#000000","grey0","rgb(0, 0, 0)"
"grey1","#030303","grey1","rgb(3, 3, 3)"
"grey10","#1A1A1A","grey10","rgb(26, 26, 26)"
"grey100","#FFFFFF","grey100","rgb(255, 255, 255)"
"grey100","#FFFFFF","grey100","rgb(255, 255, 255)"
"grey11","#1C1C1C","grey11","rgb(28, 28, 28)"
"grey12","#1F1F1F","grey12","rgb(31, 31, 31)"
"grey13","#212121","grey13","rgb(33, 33, 33)"
"grey14","#242424","grey14","rgb(36, 36, 36)"
"grey15","#262626","grey15","rgb(38, 38, 38)"
"grey16","#292929","grey16","rgb(41, 41, 41)"
"grey17","#2B2B2B","grey17","rgb(43, 43, 43)"
"grey18","#2E2E2E","grey18","rgb(46, 46, 46)"
"grey19","#303030","grey19","rgb(48, 48, 48)"
"grey2","#050505","grey2","rgb(5, 5, 5)"
"grey20","#333333","grey20","rgb(51, 51, 51)"
"grey21","#363636","grey21","rgb(54, 54, 54)"
"grey22","#383838","grey22","rgb(56, 56, 56)"
"grey23","#3B3B3B","grey23","rgb(59, 59, 59)"
"grey24","#3D3D3D","grey24","rgb(61, 61, 61)"
"grey25","#404040","grey25","rgb(64, 64, 64)"
"grey26","#424242","grey26","rgb(66, 66, 66)"
"grey27","#454545","grey27","rgb(69, 69, 69)"
"grey28","#474747","grey28","rgb(71, 71, 71)"
"grey29","#4A4A4A","grey29","rgb(74, 74, 74)"
"grey3","#080808","grey3","rgb(8, 8, 8)"
"grey30","#4D4D4D","grey30","rgb(77, 77, 77)"
"grey31","#4F4F4F","grey31","rgb(79, 79, 79)"
"grey32","#525252","grey32","rgb(82, 82, 82)"
"grey33","#545454","grey33","rgb(84, 84, 84)"
"grey34","#575757","grey34","rgb(87, 87, 87)"
"grey35","#595959","grey35","rgb(89, 89, 89)"
"grey36","#5C5C5C","grey36","rgb(92, 92, 92)"
"grey37","#5E5E5E","grey37","rgb(94, 94, 94)"
"grey38","#616161","grey38","rgb(97, 97, 97)"
"grey39","#636363","grey39","rgb(99, 99, 99)"
"grey4","#0A0A0A","grey4","rgb(10, 10, 10)"
"grey40","#666666","grey40","rgb(102, 102, 102)"
"grey41","#696969","grey41","rgb(105, 105, 105)"
"grey42","#6B6B6B","grey42","rgb(107, 107, 107)"
"grey43","#6E6E6E","grey43","rgb(110, 110, 110)"
"grey44","#707070","grey44","rgb(112, 112, 112)"
"grey45","#737373","grey45","rgb(115, 115, 115)"
"grey46","#757575","grey46","rgb(117, 117, 117)"
"grey47","#787878","grey47","rgb(120, 120, 120)"
"grey48","#7A7A7A","grey48","rgb(122, 122, 122)"
"grey49","#7D7D7D","grey49","rgb(125, 125, 125)"
"grey5","#0D0D0D","grey5","rgb(13, 13, 13)"
"grey50","#7F7F7F","grey50","rgb(127, 127, 127)"
"grey51","#828282","grey51","rgb(130, 130, 130)"
"grey52","#858585","grey52","rgb(133, 133, 133)"
"grey53","#878787","grey53","rgb(135, 135, 135)"
"grey54","#8A8A8A","grey54","rgb(138, 138, 138)"
"grey55","#8C8C8C","grey55","rgb(140, 140, 140)"
"grey56","#8F8F8F","grey56","rgb(143, 143, 143)"
"grey57","#919191","grey57","rgb(145, 145, 145)"
"grey58","#949494","grey58","rgb(148, 148, 148)"
"grey59","#969696","grey59","rgb(150, 150, 150)"
"grey6","#0F0F0F","grey6","rgb(15, 15, 15)"
"grey60","#999999","grey60","rgb(153, 153, 153)"
"grey61","#9C9C9C","grey61","rgb(156, 156, 156)"
"grey62","#9E9E9E","grey62","rgb(158, 158, 158)"
"grey63","#A1A1A1","grey63","rgb(161, 161, 161)"
"grey64","#A3A3A3","grey64","rgb(163, 163, 163)"
"grey65","#A6A6A6","grey65","rgb(166, 166, 166)"
"grey66","#A8A8A8","grey66","rgb(168, 168, 168)"
"grey67","#ABABAB","grey67","rgb(171, 171, 171)"
"grey68","#ADADAD","grey68","rgb(173, 173, 173)"
"grey69","#B0B0B0","grey69","rgb(176, 176, 176)"
"grey7","#121212","grey7","rgb(18, 18, 18)"
"grey70","#B3B3B3","grey70","rgb(179, 179, 179)"
"grey71","#B5B5B5","grey71","rgb(181, 181, 181)"
"grey72","#B8B8B8","grey72","rgb(184, 184, 184)"
"grey73","#BABABA","grey73","rgb(186, 186, 186)"
"grey74","#BDBDBD","grey74","rgb(189, 189, 189)"
"grey75","#BFBFBF","grey75","rgb(191, 191, 191)"
"grey76","#C2C2C2","grey76","rgb(194, 194, 194)"
"grey77","#C4C4C4","grey77","rgb(196, 196, 196)"
"grey78","#C7C7C7","grey78","rgb(199, 199, 199)"
"grey79","#C9C9C9","grey79","rgb(201, 201, 201)"
"grey8","#141414","grey8","rgb(20, 20, 20)"
"grey80","#CCCCCC","grey80","rgb(204, 204, 204)"
"grey81","#CFCFCF","grey81","rgb(207, 207, 207)"
"grey82","#D1D1D1","grey82","rgb(209, 209, 209)"
"grey83","#D4D4D4","grey83","rgb(212, 212, 212)"
"grey84","#D6D6D6","grey84","rgb(214, 214, 214)"
"grey85","#D9D9D9","grey85","rgb(217, 217, 217)"
"grey86","#DBDBDB","grey86","rgb(219, 219, 219)"
"grey87","#DEDEDE","grey87","rgb(222, 222, 222)"
"grey88","#E0E0E0","grey88","rgb(224, 224, 224)"
"grey89","#E3E3E3","grey89","rgb(227, 227, 227)"
"grey9","#171717","grey9","rgb(23, 23, 23)"
"grey90","#E5E5E5","grey90","rgb(229, 229, 229)"
"grey91","#E8E8E8","grey91","rgb(232, 232, 232)"
"grey92","#EBEBEB","grey92","rgb(235, 235, 235)"
"grey93","#EDEDED","grey93","rgb(237, 237, 237)"
"grey94","#F0F0F0","grey94","rgb(240, 240, 240)"
"grey95","#F2F2F2","grey95","rgb(242, 242, 242)"
"grey96","#F5F5F5","grey96","rgb(245, 245, 245)"
"grey97","#F7F7F7","grey97","rgb(247, 247, 247)"
"grey98","#FAFAFA","grey98","rgb(250, 250, 250)"
"grey99","#FCFCFC","grey99","rgb(252, 252, 252)"
"honeydew","#F0FFF0","honeydew","rgb(240, 255, 240)"
"honeydew1","#F0FFF0","honeydew1","rgb(240, 255, 240)"
"honeydew2","#E0EEE0","honeydew2","rgb(224, 238, 224)"
"honeydew3","#C1CDC1","honeydew3","rgb(193, 205, 193)"
"honeydew4","#838B83","honeydew4","rgb(131, 139, 131)"
"HotPink","#FF69B4","HotPink","rgb(255, 105, 180)"
"HotPink1","#FF6EB4","HotPink1","rgb(255, 110, 180)"
"HotPink2","#EE6AA7","HotPink2","rgb(238, 106, 167)"
"HotPink3","#CD6090","HotPink3","rgb(205, 96, 144)"
"HotPink4","#8B3A62","HotPink4","rgb(139, 58, 98)"
"IndianRed","#CD5C5C","IndianRed","rgb(205, 92, 92)"
"IndianRed1","#FF6A6A","IndianRed1","rgb(255, 106, 106)"
"IndianRed2","#EE6363","IndianRed2","rgb(238, 99, 99)"
"IndianRed3","#CD5555","IndianRed3","rgb(205, 85, 85)"
"IndianRed4","#8B3A3A","IndianRed4","rgb(139, 58, 58)"
"indigo","#4B0082","indigo","rgb(75, 0, 130)"
"ivory","#FFFFF0","ivory","rgb(255, 255, 240)"
"ivory1","#FFFFF0","ivory1","rgb(255, 255, 240)"
"ivory2","#EEEEE0","ivory2","rgb(238, 238, 224)"
"ivory3","#CDCDC1","ivory3","rgb(205, 205, 193)"
"ivory4","#8B8B83","ivory4","rgb(139, 139, 131)"
"khaki","#F0E68C","khaki","rgb(240, 230, 140)"
"khaki1","#FFF68F","khaki1","rgb(255, 246, 143)"
"khaki2","#EEE685","khaki2","rgb(238, 230, 133)"
"khaki3","#CDC673","khaki3","rgb(205, 198, 115)"
"khaki4","#8B864E","khaki4","rgb(139, 134, 78)"
"lavender","#E6E6FA","lavender","rgb(230, 230, 250)"
"LavenderBlush","#FFF0F5","LavenderBlush","rgb(255, 240, 245)"
"LavenderBlush1","#FFF0F5","LavenderBlush1","rgb(255, 240, 245)"
"LavenderBlush2","#EEE0E5","LavenderBlush2","rgb(238, 224, 229)"
"LavenderBlush3","#CDC1C5","LavenderBlush3","rgb(205, 193, 197)"
"LavenderBlush4","#8B8386","LavenderBlush4","rgb(139, 131, 134)"
"LawnGreen","#7CFC00","LawnGreen","rgb(124, 252, 0)"
"LemonChiffon","#FFFACD","LemonChiffon","rgb(255, 250, 205)"
"LemonChiffon1","#FFFACD","LemonChiffon1","rgb(255, 250, 205)"
"LemonChiffon2","#EEE9BF","LemonChiffon2","rgb(238, 233, 191)"
"LemonChiffon3","#CDC9A5","LemonChiffon3","rgb(205, 201, 165)"
"LemonChiffon4","#8B8970","LemonChiffon4","rgb(139, 137, 112)"
"LightBlue","#ADD8E6","LightBlue","rgb(173, 216, 230)"
"LightBlue1","#BFEFFF","LightBlue1","rgb(191, 239, 255)"
"LightBlue2","#B2DFEE","LightBlue2","rgb(178, 223, 238)"
"LightBlue3","#9AC0CD","LightBlue3","rgb(154, 192, 205)"
"LightBlue4","#68838B","LightBlue4","rgb(104, 131, 139)"
"LightCoral","#F08080","LightCoral","rgb(240, 128, 128)"
"LightCyan","#E0FFFF","LightCyan","rgb(224, 255, 255)"
"LightCyan1","#E0FFFF","LightCyan1","rgb(224, 255, 255)"
"LightCyan2","#D1EEEE","LightCyan2","rgb(209, 238, 238)"
"LightCyan3","#B4CDCD","LightCyan3","rgb(180, 205, 205)"
"LightCyan4","#7A8B8B","LightCyan4","rgb(122, 139, 139)"
"LightGoldenrod","#EEDD82","LightGoldenrod","rgb(238, 221, 130)"
"LightGoldenrod1","#FFEC8B","LightGoldenrod1","rgb(255, 236, 139)"
"LightGoldenrod2","#EEDC82","LightGoldenrod2","rgb(238, 220, 130)"
"LightGoldenrod3","#CDBE70","LightGoldenrod3","rgb(205, 190, 112)"
"LightGoldenrod4","#8B814C","LightGoldenrod4","rgb(139, 129, 76)"
"LightGoldenrodYellow","#FAFAD2","LightGoldenrodYellow","rgb(250, 250, 210)"
"LightGray","#D3D3D3","LightGray","rgb(211, 211, 211)"
"LightGreen","#90EE90","LightGreen","rgb(144, 238, 144)"
"LightGrey","#D3D3D3","LightGrey","rgb(211, 211, 211)"
"LightPink","#FFB6C1","LightPink","rgb(255, 182, 193)"
"LightPink1","#FFAEB9","LightPink1","rgb(255, 174, 185)"
"LightPink2","#EEA2AD","LightPink2","rgb(238, 162, 173)"
"LightPink3","#CD8C95","LightPink3","rgb(205, 140, 149)"
"LightPink4","#8B5F65","LightPink4","rgb(139, 95, 101)"
"LightSalmon","#FFA07A","LightSalmon","rgb(255, 160, 122)"
"LightSalmon1","#FFA07A","LightSalmon1","rgb(255, 160, 122)"
"LightSalmon2","#EE9572","LightSalmon2","rgb(238, 149, 114)"
"LightSalmon3","#CD8162","LightSalmon3","rgb(205, 129, 98)"
"LightSalmon4","#8B5742","LightSalmon4","rgb(139, 87, 66)"
"LightSeaGreen","#20B2AA","LightSeaGreen","rgb(32, 178, 170)"
"LightSkyBlue","#87CEFA","LightSkyBlue","rgb(135, 206, 250)"
"LightSkyBlue1","#B0E2FF","LightSkyBlue1","rgb(176, 226, 255)"
"LightSkyBlue2","#A4D3EE","LightSkyBlue2","rgb(164, 211, 238)"
"LightSkyBlue3","#8DB6CD","LightSkyBlue3","rgb(141, 182, 205)"
"LightSkyBlue4","#607B8B","LightSkyBlue4","rgb(96, 123, 139)"
"LightSlateBlue","#8470FF","LightSlateBlue","rgb(132, 112, 255)"
"LightSlateGray","#778899","LightSlateGray","rgb(119, 136, 153)"
"LightSlateGrey","#778899","LightSlateGrey","rgb(119, 136, 153)"
"LightSteelBlue","#B0C4DE","LightSteelBlue","rgb(176, 196, 222)"
"LightSteelBlue1","#CAE1FF","LightSteelBlue1","rgb(202, 225, 255)"
"LightSteelBlue2","#BCD2EE","LightSteelBlue2","rgb(188, 210, 238)"
"LightSteelBlue3","#A2B5CD","LightSteelBlue3","rgb(162, 181, 205)"
"LightSteelBlue4","#6E7B8B","LightSteelBlue4","rgb(110, 123, 139)"
"LightYellow","#FFFFE0","LightYellow","rgb(255, 255, 224)"
"LightYellow1","#FFFFE0","LightYellow1","rgb(255, 255, 224)"
"LightYellow2","#EEEED1","LightYellow2","rgb(238, 238, 209)"
"LightYellow3","#CDCDB4","LightYellow3","rgb(205, 205, 180)"
"LightYellow4","#8B8B7A","LightYellow4","rgb(139, 139, 122)"
"lime","#00FF00","lime","rgb(0, 255, 0)"
"LimeGreen","#32CD32","LimeGreen","rgb(50, 205, 50)"
"linen","#FAF0E6","linen","rgb(250, 240, 230)"
"magenta","#FF00FF","magenta","rgb(255, 0, 255)"
"magenta1","#FF00FF","magenta1","rgb(255, 0, 255)"
"magenta2","#EE00EE","magenta2","rgb(238, 0, 238)"
"magenta3","#CD00CD","magenta3","rgb(205, 0, 205)"
"magenta4","#8B008B","magenta4","rgb(139, 0, 139)"
"maroon","#800000","maroon (SVG compliance)","rgb(128, 0, 0)"
"maroon","#B03060","maroon (X11 compliance)","rgb(176, 48, 96)"
"maroon1","#FF34B3","maroon1","rgb(255, 52, 179)"
"maroon2","#EE30A7","maroon2","rgb(238, 48, 167)"
"maroon3","#CD2990","maroon3","rgb(205, 41, 144)"
"maroon4","#8B1C62","maroon4","rgb(139, 28, 98)"
"MediumAquamarine","#66CDAA","MediumAquamarine","rgb(102, 205, 170)"
"MediumBlue","#0000CD","MediumBlue","rgb(0, 0, 205)"
"MediumForestGreen","#32814B","MediumForestGreen","rgb(50, 129, 75)"
"MediumGoldenRod","#D1C166","MediumGoldenRod","rgb(209, 193, 102)"
"MediumOrchid","#BA55D3","MediumOrchid","rgb(186, 85, 211)"
"MediumOrchid1","#E066FF","MediumOrchid1","rgb(224, 102, 255)"
"MediumOrchid2","#D15FEE","MediumOrchid2","rgb(209, 95, 238)"
"MediumOrchid3","#B452CD","MediumOrchid3","rgb(180, 82, 205)"
"MediumOrchid4","#7A378B","MediumOrchid4","rgb(122, 55, 139)"
"MediumPurple","#9370DB","MediumPurple","rgb(147, 112, 219)"
"MediumPurple1","#AB82FF","MediumPurple1","rgb(171, 130, 255)"
"MediumPurple2","#9F79EE","MediumPurple2","rgb(159, 121, 238)"
"MediumPurple3","#8968CD","MediumPurple3","rgb(137, 104, 205)"
"MediumPurple4","#5D478B","MediumPurple4","rgb(93, 71, 139)"
"MediumSeaGreen","#3CB371","MediumSeaGreen","rgb(60, 179, 113)"
"MediumSlateBlue","#7B68EE","MediumSlateBlue","rgb(123, 104, 238)"
"MediumSpringGreen","#00FA9A","MediumSpringGreen","rgb(0, 250, 154)"
"MediumTurquoise","#48D1CC","MediumTurquoise","rgb(72, 209, 204)"
"MediumVioletRed","#C71585","MediumVioletRed","rgb(199, 21, 133)"
"MidnightBlue","#191970","MidnightBlue","rgb(25, 25, 112)"
"MintCream","#F5FFFA","MintCream","rgb(245, 255, 250)"
"MistyRose","#FFE4E1","MistyRose","rgb(255, 228, 225)"
"MistyRose1","#FFE4E1","MistyRose1","rgb(255, 228, 225)"
"MistyRose2","#EED5D2","MistyRose2","rgb(238, 213, 210)"
"MistyRose3","#CDB7B5","MistyRose3","rgb(205, 183, 181)"
"MistyRose4","#8B7D7B","MistyRose4","rgb(139, 125, 123)"
"moccasin","#FFE4B5","moccasin","rgb(255, 228, 181)"
"NavajoWhite","#FFDEAD","NavajoWhite","rgb(255, 222, 173)"
"NavajoWhite1","#FFDEAD","NavajoWhite1","rgb(255, 222, 173)"
"NavajoWhite2","#EECFA1","NavajoWhite2","rgb(238, 207, 161)"
"NavajoWhite3","#CDB38B","NavajoWhite3","rgb(205, 179, 139)"
"NavajoWhite4","#8B795E","NavajoWhite4","rgb(139, 121, 94)"
"navy","#000080","navy","rgb(0, 0, 128)"
"NavyBlue","#000080","NavyBlue","rgb(0, 0, 128)"
"none","#00000000","none","rgba(0, 0, 0, 0.0)"
"OldLace","#FDF5E6","OldLace","rgb(253, 245, 230)"
"olive","#808000","olive","rgb(128, 128, 0)"
"OliveDrab","#6B8E23","OliveDrab","rgb(107, 142, 35)"
"OliveDrab1","#C0FF3E","OliveDrab1","rgb(192, 255, 62)"
"OliveDrab2","#B3EE3A","OliveDrab2","rgb(179, 238, 58)"
"OliveDrab3","#9ACD32","OliveDrab3","rgb(154, 205, 50)"
"OliveDrab4","#698B22","OliveDrab4","rgb(105, 139, 34)"
"opaque","#000000","opaque","rgb(0, 0, 0)"
"orange","#FFA500","orange","rgb(255, 165, 0)"
"orange1","#FFA500","orange1","rgb(255, 165, 0)"
"orange2","#EE9A00","orange2","rgb(238, 154, 0)"
"orange3","#CD8500","orange3","rgb(205, 133, 0)"
"orange4","#8B5A00","orange4","rgb(139, 90, 0)"
"OrangeRed","#FF4500","OrangeRed","rgb(255, 69, 0)"
"OrangeRed1","#FF4500","OrangeRed1","rgb(255, 69, 0)"
"OrangeRed2","#EE4000","OrangeRed2","rgb(238, 64, 0)"
"OrangeRed3","#CD3700","OrangeRed3","rgb(205, 55, 0)"
"OrangeRed4","#8B2500","OrangeRed4","rgb(139, 37, 0)"
"orchid","#DA70D6","orchid","rgb(218, 112, 214)"
"orchid1","#FF83FA","orchid1","rgb(255, 131, 250)"
"orchid2","#EE7AE9","orchid2","rgb(238, 122, 233)"
"orchid3","#CD69C9","orchid3","rgb(205, 105, 201)"
"orchid4","#8B4789","orchid4","rgb(139, 71, 137)"
"PaleGoldenrod","#EEE8AA","PaleGoldenrod","rgb(238, 232, 170)"
"PaleGreen","#98FB98","PaleGreen","rgb(152, 251, 152)"
"PaleGreen1","#9AFF9A","PaleGreen1","rgb(154, 255, 154)"
"PaleGreen2","#90EE90","PaleGreen2","rgb(144, 238, 144)"
"PaleGreen3","#7CCD7C","PaleGreen3","rgb(124, 205, 124)"
"PaleGreen4","#548B54","PaleGreen4","rgb(84, 139, 84)"
"PaleTurquoise","#AFEEEE","PaleTurquoise","rgb(175, 238, 238)"
"PaleTurquoise1","#BBFFFF","PaleTurquoise1","rgb(187, 255, 255)"
"PaleTurquoise2","#AEEEEE","PaleTurquoise2","rgb(174, 238, 238)"
"PaleTurquoise3","#96CDCD","PaleTurquoise3","rgb(150, 205, 205)"
"PaleTurquoise4","#668B8B","PaleTurquoise4","rgb(102, 139, 139)"
"PaleVioletRed","#DB7093","PaleVioletRed","rgb(219, 112, 147)"
"PaleVioletRed1","#FF82AB","PaleVioletRed1","rgb(255, 130, 171)"
"PaleVioletRed2","#EE799F","PaleVioletRed2","rgb(238, 121, 159)"
"PaleVioletRed3","#CD6889","PaleVioletRed3","rgb(205, 104, 137)"
"PaleVioletRed4","#8B475D","PaleVioletRed4","rgb(139, 71, 93)"
"PapayaWhip","#FFEFD5","PapayaWhip","rgb(255, 239, 213)"
"PeachPuff","#FFDAB9","PeachPuff","rgb(255, 218, 185)"
"PeachPuff1","#FFDAB9","PeachPuff1","rgb(255, 218, 185)"
"PeachPuff2","#EECBAD","PeachPuff2","rgb(238, 203, 173)"
"PeachPuff3","#CDAF95","PeachPuff3","rgb(205, 175, 149)"
"PeachPuff4","#8B7765","PeachPuff4","rgb(139, 119, 101)"
"peru","#CD853F","peru","rgb(205, 133, 63)"
"pink","#FFC0CB","pink","rgb(255, 192, 203)"
"pink1","#FFB5C5","pink1","rgb(255, 181, 197)"
"pink2","#EEA9B8","pink2","rgb(238, 169, 184)"
"pink3","#CD919E","pink3","rgb(205, 145, 158)"
"pink4","#8B636C","pink4","rgb(139, 99, 108)"
"plum","#DDA0DD","plum","rgb(221, 160, 221)"
"plum1","#FFBBFF","plum1","rgb(255, 187, 255)"
"plum2","#EEAEEE","plum2","rgb(238, 174, 238)"
"plum3","#CD96CD","plum3","rgb(205, 150, 205)"
"plum4","#8B668B","plum4","rgb(139, 102, 139)"
"PowderBlue","#B0E0E6","PowderBlue","rgb(176, 224, 230)"
"purple","#800080","purple (SVG compliance)","rgb(128, 0, 128)"
"purple","#A020F0","purple (X11 compliance)","rgb(160, 32, 240)"
"purple1","#9B30FF","purple1","rgb(155, 48, 255)"
"purple2","#912CEE","purple2","rgb(145, 44, 238)"
"purple3","#7D26CD","purple3","rgb(125, 38, 205)"
"purple4","#551A8B","purple4","rgb(85, 26, 139)"
"red","#FF0000","red","rgb(255, 0, 0)"
"red1","#FF0000","red1","rgb(255, 0, 0)"
"red2","#EE0000","red2","rgb(238, 0, 0)"
"red3","#CD0000","red3","rgb(205, 0, 0)"
"red4","#8B0000","red4","rgb(139, 0, 0)"
"RosyBrown","#BC8F8F","RosyBrown","rgb(188, 143, 143)"
"RosyBrown1","#FFC1C1","RosyBrown1","rgb(255, 193, 193)"
"RosyBrown2","#EEB4B4","RosyBrown2","rgb(238, 180, 180)"
"RosyBrown3","#CD9B9B","RosyBrown3","rgb(205, 155, 155)"
"RosyBrown4","#8B6969","RosyBrown4","rgb(139, 105, 105)"
"RoyalBlue","#4169E1","RoyalBlue","rgb(65, 105, 225)"
"RoyalBlue1","#4876FF","RoyalBlue1","rgb(72, 118, 255)"
"RoyalBlue2","#436EEE","RoyalBlue2","rgb(67, 110, 238)"
"RoyalBlue3","#3A5FCD","RoyalBlue3","rgb(58, 95, 205)"
"RoyalBlue4","#27408B","RoyalBlue4","rgb(39, 64, 139)"
"SaddleBrown","#8B4513","SaddleBrown","rgb(139, 69, 19)"
"salmon","#FA8072","salmon","rgb(250, 128, 114)"
"salmon1","#FF8C69","salmon1","rgb(255, 140, 105)"
"salmon2","#EE8262","salmon2","rgb(238, 130, 98)"
"salmon3","#CD7054","salmon3","rgb(205, 112, 84)"
"salmon4","#8B4C39","salmon4","rgb(139, 76, 57)"
"SandyBrown","#F4A460","SandyBrown","rgb(244, 164, 96)"
"SeaGreen","#2E8B57","SeaGreen","rgb(46, 139, 87)"
"SeaGreen1","#54FF9F","SeaGreen1","rgb(84, 255, 159)"
"SeaGreen2","#4EEE94","SeaGreen2","rgb(78, 238, 148)"
"SeaGreen3","#43CD80","SeaGreen3","rgb(67, 205, 128)"
"SeaGreen4","#2E8B57","SeaGreen4","rgb(46, 139, 87)"
"seashell","#FFF5EE","seashell","rgb(255, 245, 238)"
"seashell1","#FFF5EE","seashell1","rgb(255, 245, 238)"
"seashell2","#EEE5DE","seashell2","rgb(238, 229, 222)"
"seashell3","#CDC5BF","seashell3","rgb(205, 197, 191)"
"seashell4","#8B8682","seashell4","rgb(139, 134, 130)"
"sienna","#A0522D","sienna","rgb(160, 82, 45)"
"sienna1","#FF8247","sienna1","rgb(255, 130, 71)"
"sienna2","#EE7942","sienna2","rgb(238, 121, 66)"
"sienna3","#CD6839","sienna3","rgb(205, 104, 57)"
"sienna4","#8B4726","sienna4","rgb(139, 71, 38)"
"silver","#C0C0C0","silver","rgb(192, 192, 192)"
"SkyBlue","#87CEEB","SkyBlue","rgb(135, 206, 235)"
"SkyBlue1","#87CEFF","SkyBlue1","rgb(135, 206, 255)"
"SkyBlue2","#7EC0EE","SkyBlue2","rgb(126, 192, 238)"
"SkyBlue3","#6CA6CD","SkyBlue3","rgb(108, 166, 205)"
"SkyBlue4","#4A708B","SkyBlue4","rgb(74, 112, 139)"
"SlateBlue","#6A5ACD","SlateBlue","rgb(106, 90, 205)"
"SlateBlue1","#836FFF","SlateBlue1","rgb(131, 111, 255)"
"SlateBlue2","#7A67EE","SlateBlue2","rgb(122, 103, 238)"
"SlateBlue3","#6959CD","SlateBlue3","rgb(105, 89, 205)"
"SlateBlue4","#473C8B","SlateBlue4","rgb(71, 60, 139)"
"SlateGray","#708090","SlateGray","rgb(112, 128, 144)"
"SlateGray1","#C6E2FF","SlateGray1","rgb(198, 226, 255)"
"SlateGray2","#B9D3EE","SlateGray2","rgb(185, 211, 238)"
"SlateGray3","#9FB6CD","SlateGray3","rgb(159, 182, 205)"
"SlateGray4","#6C7B8B","SlateGray4","rgb(108, 123, 139)"
"SlateGrey","#708090","SlateGrey","rgb(112, 128, 144)"
"snow","#FFFAFA","snow","rgb(255, 250, 250)"
"snow1","#FFFAFA","snow1","rgb(255, 250, 250)"
"snow2","#EEE9E9","snow2","rgb(238, 233, 233)"
"snow3","#CDC9C9","snow3","rgb(205, 201, 201)"
"snow4","#8B8989","snow4","rgb(139, 137, 137)"
"SpringGreen","#00FF7F","SpringGreen","rgb(0, 255, 127)"
"SpringGreen1","#00FF7F","SpringGreen1","rgb(0, 255, 127)"
"SpringGreen2","#00EE76","SpringGreen2","rgb(0, 238, 118)"
"SpringGreen3","#00CD66","SpringGreen3","rgb(0, 205, 102)"
"SpringGreen4","#008B45","SpringGreen4","rgb(0, 139, 69)"
"SteelBlue","#4682B4","SteelBlue","rgb(70, 130, 180)"
"SteelBlue1","#63B8FF","SteelBlue1","rgb(99, 184, 255)"
"SteelBlue2","#5CACEE","SteelBlue2","rgb(92, 172, 238)"
"SteelBlue3","#4F94CD","SteelBlue3","rgb(79, 148, 205)"
"SteelBlue4","#36648B","SteelBlue4","rgb(54, 100, 139)"
"tan","#D2B48C","tan","rgb(210, 180, 140)"
"tan1","#FFA54F","tan1","rgb(255, 165, 79)"
"tan2","#EE9A49","tan2","rgb(238, 154, 73)"
"tan3","#CD853F","tan3","rgb(205, 133, 63)"
"tan4","#8B5A2B","tan4","rgb(139, 90, 43)"
"teal","#008080","teal","rgb(0, 128, 128)"
"thistle","#D8BFD8","thistle","rgb(216, 191, 216)"
"thistle1","#FFE1FF","thistle1","rgb(255, 225, 255)"
"thistle2","#EED2EE","thistle2","rgb(238, 210, 238)"
"thistle3","#CDB5CD","thistle3","rgb(205, 181, 205)"
"thistle4","#8B7B8B","thistle4","rgb(139, 123, 139)"
"tomato","#FF6347","tomato","rgb(255, 99, 71)"
"tomato1","#FF6347","tomato1","rgb(255, 99, 71)"
"tomato2","#EE5C42","tomato2","rgb(238, 92, 66)"
"tomato3","#CD4F39","tomato3","rgb(205, 79, 57)"
"tomato4","#8B3626","tomato4","rgb(139, 54, 38)"
"transparent","#00000000","transparent","rgba(0, 0, 0, 0.0)"
"turquoise","#40E0D0","turquoise","rgb(64, 224, 208)"
"turquoise1","#00F5FF","turquoise1","rgb(0, 245, 255)"
"turquoise2","#00E5EE","turquoise2","rgb(0, 229, 238)"
"turquoise3","#00C5CD","turquoise3","rgb(0, 197, 205)"
"turquoise4","#00868B","turquoise4","rgb(0, 134, 139)"
"violet","#EE82EE","violet","rgb(238, 130, 238)"
"VioletRed","#D02090","VioletRed","rgb(208, 32, 144)"
"VioletRed1","#FF3E96","VioletRed1","rgb(255, 62, 150)"
"VioletRed2","#EE3A8C","VioletRed2","rgb(238, 58, 140)"
"VioletRed3","#CD3278","VioletRed3","rgb(205, 50, 120)"
"VioletRed4","#8B2252","VioletRed4","rgb(139, 34, 82)"
"wheat","#F5DEB3","wheat","rgb(245, 222, 179)"
"wheat1","#FFE7BA","wheat1","rgb(255, 231, 186)"
"wheat2","#EED8AE","wheat2","rgb(238, 216, 174)"
"wheat3","#CDBA96","wheat3","rgb(205, 186, 150)"
"wheat4","#8B7E66","wheat4","rgb(139, 126, 102)"
"white","#FFFFFF","white","rgb(255, 255, 255)"
"WhiteSmoke","#F5F5F5","WhiteSmoke","rgb(245, 245, 245)"
"yellow","#FFFF00","yellow","rgb(255, 255, 0)"
"yellow1","#FFFF00","yellow1","rgb(255, 255, 0)"
"yellow2","#EEEE00","yellow2","rgb(238, 238, 0)"
"yellow3","#CDCD00","yellow3","rgb(205, 205, 0)"
"yellow4","#8B8B00","yellow4","rgb(139, 139, 0)"
"YellowGreen","#9ACD32","YellowGreen","rgb(154, 205, 50)"
