kind,scientific_name,common_name,aliases,planted,thumbnail
Plant,"Abutilon hybridum","Chinese Lantern","Indian mallow, Velvetleaf",2018-11-12,"<a href='http://savage.net.au/Flowers/Abutilon.hybridum.html' target = '_blank'><img src='http://savage.net.au/Flowers/images/Abutilon.hybridum.0.jpg' alt = ""Abutilon hybridum""></a>"
Plant,"Acanthus mollis","Bears breeches","Bearsfoot, Oyster plant, Sea dock",2018-11-12,"<a href='http://savage.net.au/Flowers/Acanthus.mollis.html' target = '_blank'><img src='http://savage.net.au/Flowers/images/Acanthus.mollis.0.jpg' alt = ""Acanthus mollis""></a>"
Tree,"Acer negundo","Acer negundo","Ashleaf maple, Ash-leaved maple, Box elder, <br>Boxelder maple, Maple ash, 'Variegatum'",2018-11-12,"<a href='http://savage.net.au/Flowers/Acer.negundo.html' target = '_blank'><img src='http://savage.net.au/Flowers/images/Acer.negundo.0.jpg' alt = ""Acer negundo""></a>"
Tree,"Acer palmatum","Japanese maple","Smooth Japanese maple, <br>irohamomiji, イロハモミジ, or momiji, (栴)",2018-11-12,"<a href='http://savage.net.au/Flowers/Acer.palmatum.html' target = '_blank'><img src='http://savage.net.au/Flowers/images/Acer.palmatum.0.jpg' alt = ""Acer palmatum""></a>"
Tree,"Adenanthos sericeus","Woolly Bush","'Silver Silk'",2018-11-12,"<a href='http://savage.net.au/Flowers/Adenanthos.sericeus.html' target = '_blank'><img src='http://savage.net.au/Flowers/images/Adenanthos.sericeus.0.jpg' alt = ""Adenanthos sericeus""></a>"
Plant,"Agastache aurantiaca","Sweet Lilli","Hummingbird mints, Giant hyssops",2018-11-12,"<a href='http://savage.net.au/Flowers/Agastache.aurantiaca.html' target = '_blank'><img src='http://savage.net.au/Flowers/images/Agastache.aurantiaca.0.jpg' alt = ""Agastache aurantiaca""></a>"
Herb,"Allium schoenoprasum","Chives 1",-,2018-11-12,"<a href='http://savage.net.au/Flowers/Allium.schoenoprasum.html' target = '_blank'><img src='http://savage.net.au/Flowers/images/Allium.schoenoprasum.0.jpg' alt = ""Allium schoenoprasum""></a>"
Herb,"Allium tuberosum","Chives 2","Asian chives, Chinese chives, Chinese leek, <br>garlic chives, oriental garlic",2018-11-12,"<a href='http://savage.net.au/Flowers/Allium.tuberosum.html' target = '_blank'><img src='http://savage.net.au/Flowers/images/Allium.tuberosum.0.jpg' alt = ""Allium tuberosum""></a>"
Plant,"Alstroemeria","Angela",,2018-11-12,"<a href='http://savage.net.au/Flowers/Alstroemeria.1.html' target = '_blank'><img src='http://savage.net.au/Flowers/images/Alstroemeria.1.0.jpg' alt = ""Alstroemeria 1""></a>"
Plant,"Alstroemeria","Princess Lily Louise",,2018-11-12,"<a href='http://savage.net.au/Flowers/Alstroemeria.2.html' target = '_blank'><img src='http://savage.net.au/Flowers/images/Alstroemeria.2.0.jpg' alt = ""Alstroemeria 2""></a>"
Plant,"Alstroemeria pulchella","Alstroemeria 3","Peruvian Lily",2018-11-12,"<a href='http://savage.net.au/Flowers/Alstroemeria.pulchella.html' target = '_blank'><img src='http://savage.net.au/Flowers/images/Alstroemeria.pulchella.0.jpg' alt = ""Alstroemeria pulchella""></a>"
Tree,"Alyogyne huegelii","Hibiscus 1",-,2018-11-12,"<a href='http://savage.net.au/Flowers/Alyogyne.huegelii.1.html' target = '_blank'><img src='http://savage.net.au/Flowers/images/Alyogyne.huegelii.1.0.jpg' alt = ""Alyogyne huegelii 1""></a>"
Tree,"Alyogyne huegelii","West Coast Gem","",2018-11-12,"<a href='http://savage.net.au/Flowers/Alyogyne.huegelii.2.html' target = '_blank'><img src='http://savage.net.au/Flowers/images/Alyogyne.huegelii.2.0.jpg' alt = ""Alyogyne huegelii 2""></a>"
Plant,"Anigozanthos hybrid","Kangaroo Paw 3 - White-pink","Bush Perl",2018-11-12,"<a href='http://savage.net.au/Flowers/Anigozanthos.hybrid.html' target = '_blank'><img src='http://savage.net.au/Flowers/images/Anigozanthos.hybrid.0.jpg' alt = ""Anigozanthos hybrid""></a>"
Plant,"Anigozanthos hybrid Kangaroo Paw","Kangaroo Paw 2 - Red","Bush Crystal",2018-11-12,"<a href='http://savage.net.au/Flowers/Anigozanthos.hybrid.kangaroo.paw.html' target = '_blank'><img src='http://savage.net.au/Flowers/images/Anigozanthos.hybrid.kangaroo.paw.0.jpg' alt = ""Anigozanthos hybrid Kangaroo Paw""></a>"
Plant,"Anigozanthos hybrid syn. Rambodiam","Kangaroo Paw 4 - Pink","Bush Diamond",2018-11-12,"<a href='http://savage.net.au/Flowers/Anigozanthos.hybrid.syn.rambodiam.html' target = '_blank'><img src='http://savage.net.au/Flowers/images/Anigozanthos.hybrid.syn.rambodiam.0.jpg' alt = ""Anigozanthos hybrid syn. Rambodiam""></a>"
Plant,"Anigozanthos hybrid syn. Rambubona Kangaroo Paw","Kangaroo Paw 1 - Yellow","Bush Bonanza",2018-11-12,"<a href='http://savage.net.au/Flowers/Anigozanthos.hybrid.syn.rambubona.kangaroo.paw.html' target = '_blank'><img src='http://savage.net.au/Flowers/images/Anigozanthos.hybrid.syn.rambubona.kangaroo.paw.0.jpg' alt = ""Anigozanthos hybrid syn. Rambubona Kangaroo Paw""></a>"
Plant,"Anigozanthos viridis","Kangaroo Paw 5 - Green",-,2018-11-12,"<a href='http://savage.net.au/Flowers/Anigozanthos.viridis.html' target = '_blank'><img src='http://savage.net.au/Flowers/images/Anigozanthos.viridis.0.jpg' alt = ""Anigozanthos viridis""></a>"
Plant,"Aquilegia flabellata var. pumila alba","Aquilegia 2","Columbine, Granny's Bonnet",2018-11-12,"<a href='http://savage.net.au/Flowers/Aquilegia.flabellata.var.pumila.alba.html' target = '_blank'><img src='http://savage.net.au/Flowers/images/Aquilegia.flabellata.var.pumila.alba.0.jpg' alt = ""Aquilegia flabellata var. pumila alba""></a>"
Plant,"Aquilegia McKana","Aquilegia 1",Columbine,2018-11-12,"<a href='http://savage.net.au/Flowers/Aquilegia.mckana.html' target = '_blank'><img src='http://savage.net.au/Flowers/images/Aquilegia.mckana.0.jpg' alt = ""Aquilegia McKana""></a>"
Herb,"Archillea millifolium",Yarrow,"Common yarrow",2018-11-12,"<a href='http://savage.net.au/Flowers/Archillea.millifolium.html' target = '_blank'><img src='http://savage.net.au/Flowers/images/Archillea.millifolium.0.jpg' alt = ""Archillea millifolium""></a>"
Plant,Artemisia,Wormwood,"'Powis Castle'",2018-11-12,"<a href='http://savage.net.au/Flowers/Artemisia.html' target = '_blank'><img src='http://savage.net.au/Flowers/images/Artemisia.0.jpg' alt = ""Artemisia""></a>"
Herb,"Artemisia vulgaris",Mugwort,"Chrysanthemum weed, common wormwood, <br>felon herb, naughty man, old man, <br>old Uncle Henry, riverside wormwood, <br>sailor's tobacco, St. John's plant",2018-11-12,"<a href='http://savage.net.au/Flowers/Artemisia.vulgaris.html' target = '_blank'><img src='http://savage.net.au/Flowers/images/Artemisia.vulgaris.0.jpg' alt = ""Artemisia vulgaris""></a>"
Plant,"Arum italicum","Arum italicum","Italian arum, Italian lords-and-ladies",2018-11-12,"<a href='http://savage.net.au/Flowers/Arum.italicum.html' target = '_blank'><img src='http://savage.net.au/Flowers/images/Arum.italicum.0.jpg' alt = ""Arum italicum""></a>"
Plant,"Asparagus setaceus","Asparagus Fern","Common Asparagus Fern, Climbing Asparagus, <br>Ferny Asparagus, Lace Fern",2018-11-12,"<a href='http://savage.net.au/Flowers/Asparagus.setaceus.html' target = '_blank'><img src='http://savage.net.au/Flowers/images/Asparagus.setaceus.0.jpg' alt = ""Asparagus setaceus""></a>"
Plant,"Azalea","Rosa Belton","",2018-11-12,"<a href='http://savage.net.au/Flowers/Azalea.1.html' target = '_blank'><img src='http://savage.net.au/Flowers/images/Azalea.1.0.jpg' alt = ""Azalea 1""></a>"
Plant,"Azalea","Azalea 2",-,2018-11-12,"<a href='http://savage.net.au/Flowers/Azalea.2.html' target = '_blank'><img src='http://savage.net.au/Flowers/images/Azalea.2.0.jpg' alt = ""Azalea 2""></a>"
Plant,"Azalea","Azalea 3",-,2018-11-12,"<a href='http://savage.net.au/Flowers/Azalea.3.html' target = '_blank'><img src='http://savage.net.au/Flowers/images/Azalea.3.0.jpg' alt = ""Azalea 3""></a>"
Plant,"Banksia blechnifolia","Banksia 2","Prostrate Banksia",2018-11-12,"<a href='http://savage.net.au/Flowers/Banksia.blechnifolia.html' target = '_blank'><img src='http://savage.net.au/Flowers/images/Banksia.blechnifolia.0.jpg' alt = ""Banksia blechnifolia""></a>"
Plant,"Banksia spinulosa","Banksia 1","Cherry Candles",2018-11-12,"<a href='http://savage.net.au/Flowers/Banksia.spinulosa.html' target = '_blank'><img src='http://savage.net.au/Flowers/images/Banksia.spinulosa.0.jpg' alt = ""Banksia spinulosa""></a>"
Herb,"Barbarea verna","Land cress","American cress, bank cress, <br>black wood cress, Belle Isle cress, <br>Bermuda cress, creasy greens, <br>early wintercress, early yellowrocket, <br>scurvy cress and upland cress",2018-11-12,"<a href='http://savage.net.au/Flowers/Barbarea.verna.html' target = '_blank'><img src='http://savage.net.au/Flowers/images/Barbarea.verna.0.jpg' alt = ""Barbarea verna""></a>"
Tree,"Begonia hybrid","White Cane Begonia",-,2018-11-12,"<a href='http://savage.net.au/Flowers/Begonia.hybrid.html' target = '_blank'><img src='http://savage.net.au/Flowers/images/Begonia.hybrid.0.jpg' alt = ""Begonia hybrid""></a>"
Vegetable,"Beta vulgaris 1","Rainbow Chard",Silverbeet,2018-11-12,"<a href='http://savage.net.au/Flowers/Beta.vulgaris.1.html' target = '_blank'><img src='http://savage.net.au/Flowers/images/Beta.vulgaris.1.0.jpg' alt = ""Beta vulgaris 1""></a>"
Plant,"Beta vulgaris 2","Spinach Beet","Perpetual Spinach",2018-11-12,"<a href='http://savage.net.au/Flowers/Beta.vulgaris.2.html' target = '_blank'><img src='http://savage.net.au/Flowers/images/Beta.vulgaris.2.0.jpg' alt = ""Beta vulgaris 2""></a>"
Plant,Bracteantha,Bracteantha,"'Mohave Orange', Xerochrysum",2018-11-12,"<a href='http://savage.net.au/Flowers/Bracteantha.html' target = '_blank'><img src='http://savage.net.au/Flowers/images/Bracteantha.0.jpg' alt = ""Bracteantha""></a>"
Plant,"Brassica rapa var. perviridis 'Red'","Red Japanese Spinach","Red Komatsuma",2018-11-12,"<a href='http://savage.net.au/Flowers/Brassica.rapa.var.perviridis.red.html' target = '_blank'><img src='http://savage.net.au/Flowers/images/Brassica.rapa.var.perviridis.red.0.jpg' alt = ""Brassica rapa var. perviridis 'Red'""></a>"
Plant,"Callistemon citrinus","White Anzac",-,2018-12-16,"<a href='http://savage.net.au/Flowers/Callistemon.citrinus.html' target = '_blank'><img src='http://savage.net.au/Flowers/images/Callistemon.citrinus.0.jpg' alt = ""Callistemon citrinus""></a>"
Plant,"Callistemon viminalis hybrid",Bottlebrush,"'Little John'",2018-11-12,"<a href='http://savage.net.au/Flowers/Callistemon.viminalis.hybrid.html' target = '_blank'><img src='http://savage.net.au/Flowers/images/Callistemon.viminalis.hybrid.0.jpg' alt = ""Callistemon viminalis hybrid""></a>"
Plant,Camellia,Camellia,-,2018-11-12,"<a href='http://savage.net.au/Flowers/Camellia.html' target = '_blank'><img src='http://savage.net.au/Flowers/images/Camellia.0.jpg' alt = ""Camellia""></a>"
Plant,"Campanula garganica","Bellflower 1","Adriatic bellflower",2018-11-12,"<a href='http://savage.net.au/Flowers/Campanula.garganica.html' target = '_blank'><img src='http://savage.net.au/Flowers/images/Campanula.garganica.0.jpg' alt = ""Campanula garganica""></a>"
Plant,"Campanula poscharskyana","Bellflower 2","Serbian bellflower",2018-11-12,"<a href='http://savage.net.au/Flowers/Campanula.poscharskyana.html' target = '_blank'><img src='http://savage.net.au/Flowers/images/Campanula.poscharskyana.0.jpg' alt = ""Campanula poscharskyana""></a>"
Plant,Celosia,Celosia,"Plumed cockscomb, Silver cock's comb",2018-11-12,"<a href='http://savage.net.au/Flowers/Celosia.html' target = '_blank'><img src='http://savage.net.au/Flowers/images/Celosia.0.jpg' alt = ""Celosia""></a>"
Plant,"Centella asiatica",Pennywort,"Arthritis Herb, Asiatic pennywort, <br>centella, Gotu Kola, Indian pennywort",2018-11-12,"<a href='http://savage.net.au/Flowers/Centella.asiatica.html' target = '_blank'><img src='http://savage.net.au/Flowers/images/Centella.asiatica.0.jpg' alt = ""Centella asiatica""></a>"
Plant,"Cercis canadensis","Forest Pansy","Eastern redbud",2018-11-12,"<a href='http://savage.net.au/Flowers/Cercis.canadensis.html' target = '_blank'><img src='http://savage.net.au/Flowers/images/Cercis.canadensis.0.jpg' alt = ""Cercis canadensis""></a>"
Plant,"Chorizema cordatum","Flame pea 1","Heart-Leaf Flame Pea",2018-11-12,"<a href='http://savage.net.au/Flowers/Chorizema.cordatum.html' target = '_blank'><img src='http://savage.net.au/Flowers/images/Chorizema.cordatum.0.jpg' alt = ""Chorizema cordatum""></a>"
Plant,"Chorizema varium","Flame pea 2","Flame Pea",2018-11-12,"<a href='http://savage.net.au/Flowers/Chorizema.varium.html' target = '_blank'><img src='http://savage.net.au/Flowers/images/Chorizema.varium.0.jpg' alt = ""Chorizema varium""></a>"
Tree,"Citrus japonica",Cumquat,-,2018-11-12,"<a href='http://savage.net.au/Flowers/Citrus.japonica.html' target = '_blank'><img src='http://savage.net.au/Flowers/images/Citrus.japonica.0.jpg' alt = ""Citrus japonica""></a>"
Tree,"Citrus limon","Lisbon lemon",-,2018-11-12,"<a href='http://savage.net.au/Flowers/Citrus.limon.html' target = '_blank'><img src='http://savage.net.au/Flowers/images/Citrus.limon.0.jpg' alt = ""Citrus limon""></a>"
Tree,"Citrus x latifolia","Tahiti Lime","Bearss lime, seedless lime",2018-11-12,"<a href='http://savage.net.au/Flowers/Citrus.x.latifolia.html' target = '_blank'><img src='http://savage.net.au/Flowers/images/Citrus.x.latifolia.0.jpg' alt = ""Citrus x latifolia""></a>"
Tree,"Citrus x meyeri","Meyer lemon","Meyer 'Improved'",2018-11-12,"<a href='http://savage.net.au/Flowers/Citrus.x.meyeri.html' target = '_blank'><img src='http://savage.net.au/Flowers/images/Citrus.x.meyeri.0.jpg' alt = ""Citrus x meyeri""></a>"
Tree,"Citrus x sinensis","Washington Navel Orange",-,2018-11-12,"<a href='http://savage.net.au/Flowers/Citrus.x.sinensis.html' target = '_blank'><img src='http://savage.net.au/Flowers/images/Citrus.x.sinensis.0.jpg' alt = ""Citrus x sinensis""></a>"
Plant,Colocasia,Elephant-ear,"Chembu, Cocoyam, Dasheen, Eddoe, <br>Karala ko ganu, Taro, Tarul",2018-11-12,"<a href='http://savage.net.au/Flowers/Colocasia.html' target = '_blank'><img src='http://savage.net.au/Flowers/images/Colocasia.0.jpg' alt = ""Colocasia""></a>"
Plant,"Convolvulus cneorum","Convolvulus 1","Silver Bush",2018-11-12,"<a href='http://savage.net.au/Flowers/Convolvulus.cneorum.html' target = '_blank'><img src='http://savage.net.au/Flowers/images/Convolvulus.cneorum.0.jpg' alt = ""Convolvulus cneorum""></a>"
Plant,"Convolvulus sabatius","Convolvulus 2","Trailing Convolvulus",2018-11-12,"<a href='http://savage.net.au/Flowers/Convolvulus.sabatius.html' target = '_blank'><img src='http://savage.net.au/Flowers/images/Convolvulus.sabatius.0.jpg' alt = ""Convolvulus sabatius""></a>"
Herb,"Coriandrum sativum",Coriander,"Chinese parsley, cilantro, <br>Coriander Slow Bolting",2018-11-12,"<a href='http://savage.net.au/Flowers/Coriandrum.sativum.html' target = '_blank'><img src='http://savage.net.au/Flowers/images/Coriandrum.sativum.0.jpg' alt = ""Coriandrum sativum""></a>"
Plant,"Correa glabra","Rock Correa","",2018-11-12,"<a href='http://savage.net.au/Flowers/Correa.glabra.html' target = '_blank'><img src='http://savage.net.au/Flowers/images/Correa.glabra.0.jpg' alt = ""Correa glabra""></a>"
Plant,"Correa pulchella","Correa - Orange form","Autumn Blaze",2018-11-12,"<a href='http://savage.net.au/Flowers/Correa.pulchella.html' target = '_blank'><img src='http://savage.net.au/Flowers/images/Correa.pulchella.0.jpg' alt = ""Correa pulchella""></a>"
Plant,"Correa reflexa nummulariifolia","Common correa","",2018-11-26,"<a href='http://savage.net.au/Flowers/Correa.reflexa.nummulariifolia.html' target = '_blank'><img src='http://savage.net.au/Flowers/images/Correa.reflexa.nummulariifolia.0.jpg' alt = ""Correa reflexa nummulariifolia""></a>"
Tree,"Corymbia ficifolia","Corymbia ficifolia","'Mini Orange'",2018-11-12,"<a href='http://savage.net.au/Flowers/Corymbia.ficifolia.html' target = '_blank'><img src='http://savage.net.au/Flowers/images/Corymbia.ficifolia.0.jpg' alt = ""Corymbia ficifolia""></a>"
Tree,"Cotinus coggygria","Smoke Tree","Smoke bush",2018-11-12,"<a href='http://savage.net.au/Flowers/Cotinus.coggygria.html' target = '_blank'><img src='http://savage.net.au/Flowers/images/Cotinus.coggygria.0.jpg' alt = ""Cotinus coggygria""></a>"
Plant,"Crowea saligna",Crowea,"Willow-leaved crowea",2018-11-12,"<a href='http://savage.net.au/Flowers/Crowea.saligna.html' target = '_blank'><img src='http://savage.net.au/Flowers/images/Crowea.saligna.0.jpg' alt = ""Crowea saligna""></a>"
Herb,"Curcuma longa",Turmeric,"Part of the ginger family",2018-11-12,"<a href='http://savage.net.au/Flowers/Curcuma.longa.html' target = '_blank'><img src='http://savage.net.au/Flowers/images/Curcuma.longa.0.jpg' alt = ""Curcuma longa""></a>"
Plant,"Dampiera trigona","Dampiera trigona",-,2018-11-12,"<a href='http://savage.net.au/Flowers/Dampiera.trigona.html' target = '_blank'><img src='http://savage.net.au/Flowers/images/Dampiera.trigona.0.jpg' alt = ""Dampiera trigona""></a>"
Plant,"Daphne bholua",Daphne,"Nepalese paper plant",2018-11-12,"<a href='http://savage.net.au/Flowers/Daphne.bholua.html' target = '_blank'><img src='http://savage.net.au/Flowers/images/Daphne.bholua.0.jpg' alt = ""Daphne bholua""></a>"
Plant,Delphinium,Delphinium,"'Blue Sensation', Larkspur",2018-11-12,"<a href='http://savage.net.au/Flowers/Delphinium.html' target = '_blank'><img src='http://savage.net.au/Flowers/images/Delphinium.0.jpg' alt = ""Delphinium""></a>"
Plant,"Dianella prunina DP303","Dianella prunina","Blue Purple Flax, Utopia",2018-11-12,"<a href='http://savage.net.au/Flowers/Dianella.prunina.dp303.html' target = '_blank'><img src='http://savage.net.au/Flowers/images/Dianella.prunina.dp303.0.jpg' alt = ""Dianella prunina DP303""></a>"
Plant,Dianthus,Carnation,-,2018-11-12,"<a href='http://savage.net.au/Flowers/Dianthus.html' target = '_blank'><img src='http://savage.net.au/Flowers/images/Dianthus.0.jpg' alt = ""Dianthus""></a>"
Plant,"Dichopogon strictus","Chocolate Lily","Arthropodium strictum, Chocolate lily",2018-11-12,"<a href='http://savage.net.au/Flowers/Dichopogon.strictus.html' target = '_blank'><img src='http://savage.net.au/Flowers/images/Dichopogon.strictus.0.jpg' alt = ""Dichopogon strictus""></a>"
Plant,"Dicliptera suberecta","Hummingbird Plant","Uruguayan Firecracker Plant",2018-11-12,"<a href='http://savage.net.au/Flowers/Dicliptera.suberecta.html' target = '_blank'><img src='http://savage.net.au/Flowers/images/Dicliptera.suberecta.0.jpg' alt = ""Dicliptera suberecta""></a>"
Plant,Dietes,"Butterfly Iris","African iris, Butterfly iris, <br>Fortnight lily, Japanese iris, Wood iris",2018-11-12,"<a href='http://savage.net.au/Flowers/Dietes.html' target = '_blank'><img src='http://savage.net.au/Flowers/images/Dietes.0.jpg' alt = ""Dietes""></a>"
Plant,"Diplarrena latifolia","Diplarrena latifolia",-,2018-11-12,"<a href='http://savage.net.au/Flowers/Diplarrena.latifolia.html' target = '_blank'><img src='http://savage.net.au/Flowers/images/Diplarrena.latifolia.0.jpg' alt = ""Diplarrena latifolia""></a>"
Plant,"Dodonaea viscosa",Purpurea,-,2018-11-12,"<a href='http://savage.net.au/Flowers/Dodonaea.viscosa.html' target = '_blank'><img src='http://savage.net.au/Flowers/images/Dodonaea.viscosa.0.jpg' alt = ""Dodonaea viscosa""></a>"
Tree,"Elaeocarpus reticulatus","Blueberry Ash","'Prima Donna'",2018-11-12,"<a href='http://savage.net.au/Flowers/Elaeocarpus.reticulatus.html' target = '_blank'><img src='http://savage.net.au/Flowers/images/Elaeocarpus.reticulatus.0.jpg' alt = ""Elaeocarpus reticulatus""></a>"
Plant,"Eremorphila glabra","Eremorphila glabra","Yellow Form",2018-11-12,"<a href='http://savage.net.au/Flowers/Eremorphila.glabra.html' target = '_blank'><img src='http://savage.net.au/Flowers/images/Eremorphila.glabra.0.jpg' alt = ""Eremorphila glabra""></a>"
Plant,"Eremorphila nivea","Eremorphila nivea","'Blue Velvet'",2018-11-12,"<a href='http://savage.net.au/Flowers/Eremorphila.nivea.html' target = '_blank'><img src='http://savage.net.au/Flowers/images/Eremorphila.nivea.0.jpg' alt = ""Eremorphila nivea""></a>"
Plant,"Euphorbia characias subsp. wulfenii","Wulfen Spurge","Albanian spurge, Mediterranean Spurge",2018-11-12,"<a href='http://savage.net.au/Flowers/Euphorbia.characias.subsp.wulfenii.html' target = '_blank'><img src='http://savage.net.au/Flowers/images/Euphorbia.characias.subsp.wulfenii.0.jpg' alt = ""Euphorbia characias subsp. wulfenii""></a>"
Plant,"Euphorbia milii","Dwarf Crown of Thorns",-,2018-11-12,"<a href='http://savage.net.au/Flowers/Euphorbia.milii.html' target = '_blank'><img src='http://savage.net.au/Flowers/images/Euphorbia.milii.0.jpg' alt = ""Euphorbia milii""></a>"
Plant,"Eutaxia obovata nana",Eutaxia,"'Egg and Bacon Plant'",2018-11-12,"<a href='http://savage.net.au/Flowers/Eutaxia.obovata.nana.html' target = '_blank'><img src='http://savage.net.au/Flowers/images/Eutaxia.obovata.nana.0.jpg' alt = ""Eutaxia obovata nana""></a>"
Tree,"Ficus carica",Fig,"Common Fig",2018-11-12,"<a href='http://savage.net.au/Flowers/Ficus.carica.html' target = '_blank'><img src='http://savage.net.au/Flowers/images/Ficus.carica.0.jpg' alt = ""Ficus carica""></a>"
Plant,"Fuchsia","Fuchsia 1",-,2018-11-12,"<a href='http://savage.net.au/Flowers/Fuchsia.1.html' target = '_blank'><img src='http://savage.net.au/Flowers/images/Fuchsia.1.0.jpg' alt = ""Fuchsia 1""></a>"
Plant,"Fuchsia","Coralle",,2018-11-12,"<a href='http://savage.net.au/Flowers/Fuchsia.2.html' target = '_blank'><img src='http://savage.net.au/Flowers/images/Fuchsia.2.0.jpg' alt = ""Fuchsia 2""></a>"
Plant,Gazania,Gazania,"'Sunseeker Mix'",2018-11-12,"<a href='http://savage.net.au/Flowers/Gazania.html' target = '_blank'><img src='http://savage.net.au/Flowers/images/Gazania.0.jpg' alt = ""Gazania""></a>"
Plant,"Goodenia ovata","Hop Goodenia","Prostrate form",2018-12-16,"<a href='http://savage.net.au/Flowers/Goodenia.ovata.html' target = '_blank'><img src='http://savage.net.au/Flowers/images/Goodenia.ovata.0.jpg' alt = ""Goodenia ovata""></a>"
Plant,"Grevillea","Goldfever",,2018-11-12,"<a href='http://savage.net.au/Flowers/Grevillea.1.html' target = '_blank'><img src='http://savage.net.au/Flowers/images/Grevillea.1.0.jpg' alt = ""Grevillea 1""></a>"
Plant,"Grevillea","Lady 'O'",,2018-11-12,"<a href='http://savage.net.au/Flowers/Grevillea.2.html' target = '_blank'><img src='http://savage.net.au/Flowers/images/Grevillea.2.0.jpg' alt = ""Grevillea 2""></a>"
Plant,"Grevillea","Lemon Daze",,2018-11-12,"<a href='http://savage.net.au/Flowers/Grevillea.3.html' target = '_blank'><img src='http://savage.net.au/Flowers/images/Grevillea.3.0.jpg' alt = ""Grevillea 3""></a>"
Plant,"Grevillea","Fireworks",,2018-11-12,"<a href='http://savage.net.au/Flowers/Grevillea.4.html' target = '_blank'><img src='http://savage.net.au/Flowers/images/Grevillea.4.0.jpg' alt = ""Grevillea 4""></a>"
Plant,"Grevillea lanigera","Honeyeater Heaven","-",2018-11-12,"<a href='http://savage.net.au/Flowers/Grevillea.lanigera.html' target = '_blank'><img src='http://savage.net.au/Flowers/images/Grevillea.lanigera.0.jpg' alt = ""Grevillea lanigera""></a>"
Plant,"Hardenbergia violacea","False sarsaparilla","Happy wanderer, Lilac vine, 'Mini Haha', <br>Native lilac, Purple coral pea, Vine lilac, <br>Waraburra",2018-11-12,"<a href='http://savage.net.au/Flowers/Hardenbergia.violacea.html' target = '_blank'><img src='http://savage.net.au/Flowers/images/Hardenbergia.violacea.0.jpg' alt = ""Hardenbergia violacea""></a>"
Plant,Hedera,Ivy,-,2018-11-12,"<a href='http://savage.net.au/Flowers/Hedera.html' target = '_blank'><img src='http://savage.net.au/Flowers/images/Hedera.0.jpg' alt = ""Hedera""></a>"
Plant,"Heliotropium arborescens","Garden heliotrope","Cherry pie, Common heliotrope, <br>'Lord Roberts'",2018-11-12,"<a href='http://savage.net.au/Flowers/Heliotropium.arborescens.html' target = '_blank'><img src='http://savage.net.au/Flowers/images/Heliotropium.arborescens.0.jpg' alt = ""Heliotropium arborescens""></a>"
Plant,"Helleborus argutifolius","Hellebore 1","H. corsicus, Christmas rose, Lenten rose, <br>Winter Rose",2018-11-12,"<a href='http://savage.net.au/Flowers/Helleborus.argutifolius.html' target = '_blank'><img src='http://savage.net.au/Flowers/images/Helleborus.argutifolius.0.jpg' alt = ""Helleborus argutifolius""></a>"
Plant,"Helleborus foetidus","Hellebore 2","Bear's foot, dungwort, setterwort, <br>Stinking Hellebore",2018-11-12,"<a href='http://savage.net.au/Flowers/Helleborus.foetidus.html' target = '_blank'><img src='http://savage.net.au/Flowers/images/Helleborus.foetidus.0.jpg' alt = ""Helleborus foetidus""></a>"
Plant,"Heuchera","Obsidian","Alumroot",2018-11-12,"<a href='http://savage.net.au/Flowers/Heuchera.1.html' target = '_blank'><img src='http://savage.net.au/Flowers/images/Heuchera.1.0.jpg' alt = ""Heuchera 1""></a>"
Plant,"Heuchera","Coral bells","Alumroot, 'Peach Flambé©'",2018-11-12,"<a href='http://savage.net.au/Flowers/Heuchera.2.html' target = '_blank'><img src='http://savage.net.au/Flowers/images/Heuchera.2.0.jpg' alt = ""Heuchera 2""></a>"
Plant,"Hibbertia obtusifolia","Hoary Guinea Flower","",2018-11-12,"<a href='http://savage.net.au/Flowers/Hibbertia.obtusifolia.html' target = '_blank'><img src='http://savage.net.au/Flowers/images/Hibbertia.obtusifolia.0.jpg' alt = ""Hibbertia obtusifolia""></a>"
Plant,"Hibbertia scandens","Climbing Guinea Flower","Golden Guinea Vine, <br>Snake Vine",2018-11-12,"<a href='http://savage.net.au/Flowers/Hibbertia.scandens.html' target = '_blank'><img src='http://savage.net.au/Flowers/images/Hibbertia.scandens.0.jpg' alt = ""Hibbertia scandens""></a>"
Plant,Hibiscus,"Rose mallow","",2018-11-12,"<a href='http://savage.net.au/Flowers/Hibiscus.html' target = '_blank'><img src='http://savage.net.au/Flowers/images/Hibiscus.0.jpg' alt = ""Hibiscus""></a>"
Plant,Hydrangea,Hydrangea,-,2018-11-12,"<a href='http://savage.net.au/Flowers/Hydrangea.html' target = '_blank'><img src='http://savage.net.au/Flowers/images/Hydrangea.0.jpg' alt = ""Hydrangea""></a>"
Plant,"Hymenosporum Flavum","Golden Nugget","Native frangipani",2018-11-12,"<a href='http://savage.net.au/Flowers/Hymenosporum.flavum.html' target = '_blank'><img src='http://savage.net.au/Flowers/images/Hymenosporum.flavum.0.jpg' alt = ""Hymenosporum Flavum""></a>"
Plant,"Ipomoea lacunosa","Morning Glory","Pitted morningglory, Whitestar potato",2018-11-12,"<a href='http://savage.net.au/Flowers/Ipomoea.lacunosa.html' target = '_blank'><img src='http://savage.net.au/Flowers/images/Ipomoea.lacunosa.0.jpg' alt = ""Ipomoea lacunosa""></a>"
Plant,"Iris unguicularis","Iris 1 - Pale purple","Algerian Iris",2018-11-12,"<a href='http://savage.net.au/Flowers/Iris.unguicularis.html' target = '_blank'><img src='http://savage.net.au/Flowers/images/Iris.unguicularis.0.jpg' alt = ""Iris unguicularis""></a>"
Plant,"Iris unknown","Iris 2 - Dull yellow",-,2018-11-12,"<a href='http://savage.net.au/Flowers/Iris.unknown.html' target = '_blank'><img src='http://savage.net.au/Flowers/images/Iris.unknown.0.jpg' alt = ""Iris unknown""></a>"
Plant,"Isopogon latifolius","Isopogon latifolius","Pink Coneflower",2018-11-12,"<a href='http://savage.net.au/Flowers/Isopogon.latifolius.html' target = '_blank'><img src='http://savage.net.au/Flowers/images/Isopogon.latifolius.0.jpg' alt = ""Isopogon latifolius""></a>"
Tree,"Jacaranda mimosifolia",Jacaranda,-,2018-11-12,"<a href='http://savage.net.au/Flowers/Jacaranda.mimosifolia.html' target = '_blank'><img src='http://savage.net.au/Flowers/images/Jacaranda.mimosifolia.0.jpg' alt = ""Jacaranda mimosifolia""></a>"
Plant,"Kennedia beckxiana","Cape Arid Climber","",2018-11-12,"<a href='http://savage.net.au/Flowers/Kennedia.beckxiana.html' target = '_blank'><img src='http://savage.net.au/Flowers/images/Kennedia.beckxiana.0.jpg' alt = ""Kennedia beckxiana""></a>"
Plant,"Kennedia coccinea","Coral Vine","",2018-11-12,"<a href='http://savage.net.au/Flowers/Kennedia.coccinea.html' target = '_blank'><img src='http://savage.net.au/Flowers/images/Kennedia.coccinea.0.jpg' alt = ""Kennedia coccinea""></a>"
Plant,"Kennedia macrophylla","Kennedia macrophylla",-,2018-11-12,"<a href='http://savage.net.au/Flowers/Kennedia.macrophylla.html' target = '_blank'><img src='http://savage.net.au/Flowers/images/Kennedia.macrophylla.0.jpg' alt = ""Kennedia macrophylla""></a>"
Plant,"Kennedia nigricans","Black Coral Pea","Black Kennedia",2018-11-12,"<a href='http://savage.net.au/Flowers/Kennedia.nigricans.html' target = '_blank'><img src='http://savage.net.au/Flowers/images/Kennedia.nigricans.0.jpg' alt = ""Kennedia nigricans""></a>"
Plant,"Kennedia prostrata","Running Postman",,2018-11-26,"<a href='http://savage.net.au/Flowers/Kennedia.prostrata.html' target = '_blank'><img src='http://savage.net.au/Flowers/images/Kennedia.prostrata.0.jpg' alt = ""Kennedia prostrata""></a>"
Plant,"Kennedia rubicunda","Dusky Coral Pea","",2018-11-12,"<a href='http://savage.net.au/Flowers/Kennedia.rubicunda.html' target = '_blank'><img src='http://savage.net.au/Flowers/images/Kennedia.rubicunda.0.jpg' alt = ""Kennedia rubicunda""></a>"
Plant,"Kunzea baxterii nana",Kunzea,"'Mandy's Surprise'",2018-11-12,"<a href='http://savage.net.au/Flowers/Kunzea.baxterii.nana.html' target = '_blank'><img src='http://savage.net.au/Flowers/images/Kunzea.baxterii.nana.0.jpg' alt = ""Kunzea baxterii nana""></a>"
Vegetable,"Lactuca savita",Lettuce,"Mignonette Mix",2018-12-30,"<a href='http://savage.net.au/Flowers/Lactuca.savita.html' target = '_blank'><img src='http://savage.net.au/Flowers/images/Lactuca.savita.0.jpg' alt = ""Lactuca savita""></a>"
Tree,"Lagerstromeia indica x L. Fauriei","Crepe Myrtle",'Tuscarora',2018-11-12,"<a href='http://savage.net.au/Flowers/Lagerstromeia.indica.x.l.fauriei.html' target = '_blank'><img src='http://savage.net.au/Flowers/images/Lagerstromeia.indica.x.l.fauriei.0.jpg' alt = ""Lagerstromeia indica x L. Fauriei""></a>"
Plant,Lamium,"Beacon Silver",Dead-nettles,2018-11-12,"<a href='http://savage.net.au/Flowers/Lamium.html' target = '_blank'><img src='http://savage.net.au/Flowers/images/Lamium.0.jpg' alt = ""Lamium""></a>"
Plant,Lechenaultia,Lechenaultia,"'Midnight Blue'",2018-11-12,"<a href='http://savage.net.au/Flowers/Lechenaultia.html' target = '_blank'><img src='http://savage.net.au/Flowers/images/Lechenaultia.0.jpg' alt = ""Lechenaultia""></a>"
Plant,"Lechenaultia biloba","Lechenaultia biloba","Sky Blue Form",2018-11-12,"<a href='http://savage.net.au/Flowers/Lechenaultia.biloba.html' target = '_blank'><img src='http://savage.net.au/Flowers/images/Lechenaultia.biloba.0.jpg' alt = ""Lechenaultia biloba""></a>"
Tree,"Leptospermum ","Tea Tree 2","A type of myrtle, 'Rudolph'",2018-11-12,"<a href='http://savage.net.au/Flowers/Leptospermum.html' target = '_blank'><img src='http://savage.net.au/Flowers/images/Leptospermum.0.jpg' alt = ""Leptospermum ""></a>"
Tree,"Leptospermum obovatum anisophyllea","Tea Tree 1","A type of myrtle",2018-11-12,"<a href='http://savage.net.au/Flowers/Leptospermum.obovatum.anisophyllea.html' target = '_blank'><img src='http://savage.net.au/Flowers/images/Leptospermum.obovatum.anisophyllea.0.jpg' alt = ""Leptospermum obovatum anisophyllea""></a>"
Plant,"Leucojum vernum","Spring Snowflake",-,2018-11-12,"<a href='http://savage.net.au/Flowers/Leucojum.vernum.html' target = '_blank'><img src='http://savage.net.au/Flowers/images/Leucojum.vernum.0.jpg' alt = ""Leucojum vernum""></a>"
Plant,"Levisticum officinale",Lovage,-,2018-11-12,"<a href='http://savage.net.au/Flowers/Levisticum.officinale.html' target = '_blank'><img src='http://savage.net.au/Flowers/images/Levisticum.officinale.0.jpg' alt = ""Levisticum officinale""></a>"
Plant,Lilium,Lily,"Asiatic Matisse Lily, Oriental Lily",2018-11-12,"<a href='http://savage.net.au/Flowers/Lilium.html' target = '_blank'><img src='http://savage.net.au/Flowers/images/Lilium.0.jpg' alt = ""Lilium""></a>"
Plant,"Limonium perezii","Perezii Blue","'Perennial Statice'",2018-11-12,"<a href='http://savage.net.au/Flowers/Limonium.perezii.html' target = '_blank'><img src='http://savage.net.au/Flowers/images/Limonium.perezii.0.jpg' alt = ""Limonium perezii""></a>"
Plant,"Liriope muscari","Big Blue Lilyturf",-,2018-11-12,"<a href='http://savage.net.au/Flowers/Liriope.muscari.html' target = '_blank'><img src='http://savage.net.au/Flowers/images/Liriope.muscari.0.jpg' alt = ""Liriope muscari""></a>"
Plant,"Lomandra longifolia x confertifolia ssp. pallida",LittleLime,-,2018-12-16,"<a href='http://savage.net.au/Flowers/Lomandra.longifolia.x.confertifolia.ssp.pallida.html' target = '_blank'><img src='http://savage.net.au/Flowers/images/Lomandra.longifolia.x.confertifolia.ssp.pallida.0.jpg' alt = ""Lomandra longifolia x confertifolia ssp. pallida""></a>"
Plant,"Lonicera periclymenum",Honeysuckle,"Common honeysuckle, European honeysuckle, <br>Woodbine",2018-11-12,"<a href='http://savage.net.au/Flowers/Lonicera.periclymenum.html' target = '_blank'><img src='http://savage.net.au/Flowers/images/Lonicera.periclymenum.0.jpg' alt = ""Lonicera periclymenum""></a>"
Plant,"Loropetalum chinense","Chinese witch hazel","Chinese fringe flower, 'Purple Prince'",2018-11-12,"<a href='http://savage.net.au/Flowers/Loropetalum.chinense.html' target = '_blank'><img src='http://savage.net.au/Flowers/images/Loropetalum.chinense.0.jpg' alt = ""Loropetalum chinense""></a>"
Plant,"Loropetalum chinense var. rubrum","Chinese fringe flower","Chinese witch hazel, 'China Pink'",2018-11-12,"<a href='http://savage.net.au/Flowers/Loropetalum.chinense.var.rubrum.html' target = '_blank'><img src='http://savage.net.au/Flowers/images/Loropetalum.chinense.var.rubrum.0.jpg' alt = ""Loropetalum chinense var. rubrum""></a>"
Plant,"Lunaria annua",Honesty,"Annual honesty",2018-11-12,"<a href='http://savage.net.au/Flowers/Lunaria.annua.html' target = '_blank'><img src='http://savage.net.au/Flowers/images/Lunaria.annua.0.jpg' alt = ""Lunaria annua""></a>"
Plant,"Lycium barbarum","Goji Berry Plant",-,2018-11-12,"<a href='http://savage.net.au/Flowers/Lycium.barbarum.html' target = '_blank'><img src='http://savage.net.au/Flowers/images/Lycium.barbarum.0.jpg' alt = ""Lycium barbarum""></a>"
Tree,"Malus domestica 3","Malus domestica 3",-,2018-11-12,"<a href='http://savage.net.au/Flowers/Malus.domestica.3.html' target = '_blank'><img src='http://savage.net.au/Flowers/images/Malus.domestica.3.0.jpg' alt = ""Malus domestica 3""></a>"
Tree,"Malus domestica Harmony",Harmony,-,2018-11-12,"<a href='http://savage.net.au/Flowers/Malus.domestica.harmony.html' target = '_blank'><img src='http://savage.net.au/Flowers/images/Malus.domestica.harmony.0.jpg' alt = ""Malus domestica Harmony""></a>"
Tree,"Malus domestica Leprechaun",Leprechaun,-,2018-11-12,"<a href='http://savage.net.au/Flowers/Malus.domestica.leprechaun.html' target = '_blank'><img src='http://savage.net.au/Flowers/images/Malus.domestica.leprechaun.0.jpg' alt = ""Malus domestica Leprechaun""></a>"
Tree,"Malus domestica 'Pine Golden Pippin'","Pine Golden Pippin","Pine Golden Pippin",2018-11-12,"<a href='http://savage.net.au/Flowers/Malus.domestica.pine.golden.pippin.html' target = '_blank'><img src='http://savage.net.au/Flowers/images/Malus.domestica.pine.golden.pippin.0.jpg' alt = ""Malus domestica 'Pine Golden Pippin'""></a>"
Tree,"Malus domestica Pinkabelle®",Pinkabelle®,-,2018-11-12,"<a href='http://savage.net.au/Flowers/Malus.domestica.pinkabelle.html' target = '_blank'><img src='http://savage.net.au/Flowers/images/Malus.domestica.pinkabelle.0.jpg' alt = ""Malus domestica Pinkabelle®""></a>"
Tree,"Malus domestica 'Pitmaston Pine'","Pitmaston Pine","Pitmaston Pine",2018-11-12,"<a href='http://savage.net.au/Flowers/Malus.domestica.pitmaston.pine.html' target = '_blank'><img src='http://savage.net.au/Flowers/images/Malus.domestica.pitmaston.pine.0.jpg' alt = ""Malus domestica 'Pitmaston Pine'""></a>"
Tree,"Malus domestica Pom-for-You",Pom-for-You,-,2018-11-12,"<a href='http://savage.net.au/Flowers/Malus.domestica.pom-for-you.html' target = '_blank'><img src='http://savage.net.au/Flowers/images/Malus.domestica.pom-for-you.0.jpg' alt = ""Malus domestica Pom-for-You""></a>"
Tree,"Malus domestica Pompink",Pompink,-,2018-11-12,"<a href='http://savage.net.au/Flowers/Malus.domestica.pompink.html' target = '_blank'><img src='http://savage.net.au/Flowers/images/Malus.domestica.pompink.0.jpg' alt = ""Malus domestica Pompink""></a>"
Plant,"Mandevilla hybrid","Aloha Dark Red","-",2018-11-12,"<a href='http://savage.net.au/Flowers/Mandevilla.hybrid.1.html' target = '_blank'><img src='http://savage.net.au/Flowers/images/Mandevilla.hybrid.1.0.jpg' alt = ""Mandevilla hybrid 1""></a>"
Plant,"Mandevilla hybrid","Aloha Regal Ruby","-",2018-11-12,"<a href='http://savage.net.au/Flowers/Mandevilla.hybrid.2.html' target = '_blank'><img src='http://savage.net.au/Flowers/images/Mandevilla.hybrid.2.0.jpg' alt = ""Mandevilla hybrid 2""></a>"
Plant,"Mandevilla laxa","Chilean Jasmine",-,2018-11-12,"<a href='http://savage.net.au/Flowers/Mandevilla.laxa.html' target = '_blank'><img src='http://savage.net.au/Flowers/images/Mandevilla.laxa.0.jpg' alt = ""Mandevilla laxa""></a>"
Herb,"Mentha spicata",Spearmint,"Common mint, garden mint, lamb mint, <br>mackerel mint, Mentha spicata 'Moroccan', <br>Mentha spicata 'Nana', Mentha viridis",2018-11-12,"<a href='http://savage.net.au/Flowers/Mentha.spicata.html' target = '_blank'><img src='http://savage.net.au/Flowers/images/Mentha.spicata.0.jpg' alt = ""Mentha spicata""></a>"
Plant,"Monstera deliciosa",Monstera,"Balazo, Ceriman",2018-11-12,"<a href='http://savage.net.au/Flowers/Monstera.deliciosa.html' target = '_blank'><img src='http://savage.net.au/Flowers/images/Monstera.deliciosa.0.jpg' alt = ""Monstera deliciosa""></a>"
Plant,"Nandina domestica","Heavenly Bamboo","Nandina, Sacred bamboo",2018-11-12,"<a href='http://savage.net.au/Flowers/Nandina.domestica.html' target = '_blank'><img src='http://savage.net.au/Flowers/images/Nandina.domestica.0.jpg' alt = ""Nandina domestica""></a>"
Plant,"Narcissus papyraceus",Narcissus,Paperwhite,2018-11-12,"<a href='http://savage.net.au/Flowers/Narcissus.papyraceus.html' target = '_blank'><img src='http://savage.net.au/Flowers/images/Narcissus.papyraceus.0.jpg' alt = ""Narcissus papyraceus""></a>"
Plant,Nierembergia,Nierembergia,"'Blue Wonder'",2018-11-12,"<a href='http://savage.net.au/Flowers/Nierembergia.html' target = '_blank'><img src='http://savage.net.au/Flowers/images/Nierembergia.0.jpg' alt = ""Nierembergia""></a>"
Herb,"Ocimum basilicum","Basil 1","Genovese basil, great basil, king of herbs, <br>royal herb, Saint-Joseph's-wort, <br>Sweet Scented Basil",2018-11-12,"<a href='http://savage.net.au/Flowers/Ocimum.basilicum.html' target = '_blank'><img src='http://savage.net.au/Flowers/images/Ocimum.basilicum.0.jpg' alt = ""Ocimum basilicum""></a>"
Herb,"Ocimum kilimandscharicum x basilicum 'Dark Opal'","Basil 2","African Basil, holy basil, Ocimum sp., <br>perennial basil, tulasi, thulasi, tulsi",2018-11-12,"<a href='http://savage.net.au/Flowers/Ocimum.kilimandscharicum.x.basilicum.dark.opal.html' target = '_blank'><img src='http://savage.net.au/Flowers/images/Ocimum.kilimandscharicum.x.basilicum.dark.opal.0.jpg' alt = ""Ocimum kilimandscharicum x basilicum 'Dark Opal'""></a>"
Plant,"Oenothera lindheimeri","White Gaura","Indian Feather, Lindheimer's Beeblossom, <br>Lindheimer's Clockweed, Pink Gaura",2018-11-12,"<a href='http://savage.net.au/Flowers/Oenothera.lindheimeri.html' target = '_blank'><img src='http://savage.net.au/Flowers/images/Oenothera.lindheimeri.0.jpg' alt = ""Oenothera lindheimeri""></a>"
Herb,"Origanum vulgare",Oregano,"Wild marjoram (not sweet marjoram)",2018-11-12,"<a href='http://savage.net.au/Flowers/Origanum.vulgare.html' target = '_blank'><img src='http://savage.net.au/Flowers/images/Origanum.vulgare.0.jpg' alt = ""Origanum vulgare""></a>"
Plant,"Osteospermum ecklonis","Zion Red","Blue-and-white daisy bush, Cape marguerite, <br>Star of the veldt, Sundays river daisy, <br>Van Staden's river daisy, White daisy bush",2018-11-12,"<a href='http://savage.net.au/Flowers/Osteospermum.ecklonis.html' target = '_blank'><img src='http://savage.net.au/Flowers/images/Osteospermum.ecklonis.0.jpg' alt = ""Osteospermum ecklonis""></a>"
Plant,Ozothamnus,"Rice Flower 1",'Cosmic',2018-11-12,"<a href='http://savage.net.au/Flowers/Ozothamnus.html' target = '_blank'><img src='http://savage.net.au/Flowers/images/Ozothamnus.0.jpg' alt = ""Ozothamnus""></a>"
Plant,Pelargonium,Pelargonium,-,2018-11-12,"<a href='http://savage.net.au/Flowers/Pelargonium.html' target = '_blank'><img src='http://savage.net.au/Flowers/images/Pelargonium.0.jpg' alt = ""Pelargonium""></a>"
Plant,"Pennisetum setaceum","Fountain Grass","Crimson fountaingrass",2018-11-12,"<a href='http://savage.net.au/Flowers/Pennisetum.setaceum.html' target = '_blank'><img src='http://savage.net.au/Flowers/images/Pennisetum.setaceum.0.jpg' alt = ""Pennisetum setaceum""></a>"
Plant,"Penstemon cv",Firebird,Beardtongues,2018-11-12,"<a href='http://savage.net.au/Flowers/Penstemon.cv.html' target = '_blank'><img src='http://savage.net.au/Flowers/images/Penstemon.cv.0.jpg' alt = ""Penstemon cv""></a>"
Plant,"Persicaria affinis","Himalayan Knotweed",-,2018-11-12,"<a href='http://savage.net.au/Flowers/Persicaria.affinis.html' target = '_blank'><img src='http://savage.net.au/Flowers/images/Persicaria.affinis.0.jpg' alt = ""Persicaria affinis""></a>"
Herb,"Persicaria odarata","Vietnamese Mint","Cambodian mint, hot mint, laksa leaf, <br>praew leaf, Vietnamese cilantro, <br>Vietnamese coriander",2018-11-12,"<a href='http://savage.net.au/Flowers/Persicaria.odarata.html' target = '_blank'><img src='http://savage.net.au/Flowers/images/Persicaria.odarata.0.jpg' alt = ""Persicaria odarata""></a>"
Herb,"Petroselinum crispum",Parsley,"Garden parsley",2018-11-12,"<a href='http://savage.net.au/Flowers/Petroselinum.crispum.html' target = '_blank'><img src='http://savage.net.au/Flowers/images/Petroselinum.crispum.0.jpg' alt = ""Petroselinum crispum""></a>"
Plant,"Philadelphus mexicanus","Mexican Mock Orange",-,2018-11-12,"<a href='http://savage.net.au/Flowers/Philadelphus.mexicanus.html' target = '_blank'><img src='http://savage.net.au/Flowers/images/Philadelphus.mexicanus.0.jpg' alt = ""Philadelphus mexicanus""></a>"
Tree,"Philotheca myoporoides","Long-leaf Wax Flower","",2018-11-12,"<a href='http://savage.net.au/Flowers/Philotheca.myoporoides.html' target = '_blank'><img src='http://savage.net.au/Flowers/images/Philotheca.myoporoides.0.jpg' alt = ""Philotheca myoporoides""></a>"
Plant,"Phormium tenax","Border Red",-,2018-11-12,"<a href='http://savage.net.au/Flowers/Phormium.tenax.html' target = '_blank'><img src='http://savage.net.au/Flowers/images/Phormium.tenax.0.jpg' alt = ""Phormium tenax""></a>"
Plant,"Pimelea rosea","Rice Flower 2","Pale Pink Rice Flower",2018-11-12,"<a href='http://savage.net.au/Flowers/Pimelea.rosea.html' target = '_blank'><img src='http://savage.net.au/Flowers/images/Pimelea.rosea.0.jpg' alt = ""Pimelea rosea""></a>"
Plant,"Plectranthus caninus","Dogsbane","Coleus canina",2018-11-12,"<a href='http://savage.net.au/Flowers/Plectranthus.caninus.html' target = '_blank'><img src='http://savage.net.au/Flowers/images/Plectranthus.caninus.0.jpg' alt = ""Plectranthus caninus""></a>"
Plant,"Plectranthus ecklonii","Plectranthus ecklonii 1",-,2018-11-12,"<a href='http://savage.net.au/Flowers/Plectranthus.ecklonii.1.html' target = '_blank'><img src='http://savage.net.au/Flowers/images/Plectranthus.ecklonii.1.0.jpg' alt = ""Plectranthus ecklonii 1""></a>"
Plant,"Plectranthus ecklonii","Plectranthus ecklonii 2",'Alba',2018-11-12,"<a href='http://savage.net.au/Flowers/Plectranthus.ecklonii.2.html' target = '_blank'><img src='http://savage.net.au/Flowers/images/Plectranthus.ecklonii.2.0.jpg' alt = ""Plectranthus ecklonii 2""></a>"
Plant,"Plectranthus saccatus","Plectranthus saccatus",-,2018-11-12,"<a href='http://savage.net.au/Flowers/Plectranthus.saccatus.html' target = '_blank'><img src='http://savage.net.au/Flowers/images/Plectranthus.saccatus.0.jpg' alt = ""Plectranthus saccatus""></a>"
Plant,"Portulacaria afra","Elephant bush","Dwarf jade plant, Porkbush, Spekboom",2018-11-12,"<a href='http://savage.net.au/Flowers/Portulacaria.afra.html' target = '_blank'><img src='http://savage.net.au/Flowers/images/Portulacaria.afra.0.jpg' alt = ""Portulacaria afra""></a>"
Plant,"Prostanthera phylicifolia","Spiked mint-bush",-,2018-11-12,"<a href='http://savage.net.au/Flowers/Prostanthera.phylicifolia.html' target = '_blank'><img src='http://savage.net.au/Flowers/images/Prostanthera.phylicifolia.0.jpg' alt = ""Prostanthera phylicifolia""></a>"
Tree,"Prunus armeniaca","Moorpark Apricot",-,2018-11-12,"<a href='http://savage.net.au/Flowers/Prunus.armeniaca.html' target = '_blank'><img src='http://savage.net.au/Flowers/images/Prunus.armeniaca.0.jpg' alt = ""Prunus armeniaca""></a>"
Tree,"Prunus persica 'Nectazee'","Trixie® Nectarine",-,2018-11-12,"<a href='http://savage.net.au/Flowers/Prunus.persica.nectazee.html' target = '_blank'><img src='http://savage.net.au/Flowers/images/Prunus.persica.nectazee.0.jpg' alt = ""Prunus persica 'Nectazee'""></a>"
Plant,"Ptilotus exultatus","Ptilotus exultatus",Phoenix,2018-11-26,"<a href='http://savage.net.au/Flowers/Ptilotus.exultatus.html' target = '_blank'><img src='http://savage.net.au/Flowers/images/Ptilotus.exultatus.0.jpg' alt = ""Ptilotus exultatus""></a>"
Plant,"Pultenaea pedunculata","Burnt Orange","Matted bush-tree",2018-11-12,"<a href='http://savage.net.au/Flowers/Pultenaea.pedunculata.html' target = '_blank'><img src='http://savage.net.au/Flowers/images/Pultenaea.pedunculata.0.jpg' alt = ""Pultenaea pedunculata""></a>"
Plant,"Rosa","Rose 1",,2018-11-12,"<a href='http://savage.net.au/Flowers/Rosa.1.html' target = '_blank'><img src='http://savage.net.au/Flowers/images/Rosa.1.0.jpg' alt = ""Rosa 1""></a>"
Plant,"Rosa","Rose 2",,2018-11-12,"<a href='http://savage.net.au/Flowers/Rosa.2.html' target = '_blank'><img src='http://savage.net.au/Flowers/images/Rosa.2.0.jpg' alt = ""Rosa 2""></a>"
Plant,"Rosa","Rose 3",,2018-11-12,"<a href='http://savage.net.au/Flowers/Rosa.3.html' target = '_blank'><img src='http://savage.net.au/Flowers/images/Rosa.3.0.jpg' alt = ""Rosa 3""></a>"
Plant,"Rosa","Rose 4",,2018-11-12,"<a href='http://savage.net.au/Flowers/Rosa.4.html' target = '_blank'><img src='http://savage.net.au/Flowers/images/Rosa.4.0.jpg' alt = ""Rosa 4""></a>"
Plant,"Rosmarinus officinalis",Rosemary,Anthos,2018-11-12,"<a href='http://savage.net.au/Flowers/Rosmarinus.officinalis.html' target = '_blank'><img src='http://savage.net.au/Flowers/images/Rosmarinus.officinalis.0.jpg' alt = ""Rosmarinus officinalis""></a>"
Tree,"Rotheca myricoides","Butterfly Bush","Clerodendrum myricoides, <br>Clerodendrum myricoides 'Ugandense'",2018-11-12,"<a href='http://savage.net.au/Flowers/Rotheca.myricoides.html' target = '_blank'><img src='http://savage.net.au/Flowers/images/Rotheca.myricoides.0.jpg' alt = ""Rotheca myricoides""></a>"
Herb,"Salvia apiana","Bee sage","Sacred sage, white sage",2018-11-12,"<a href='http://savage.net.au/Flowers/Salvia.apiana.html' target = '_blank'><img src='http://savage.net.au/Flowers/images/Salvia.apiana.0.jpg' alt = ""Salvia apiana""></a>"
Plant,"Salvia involucrata",Bethellii","Rosy-leaf",2018-11-12,"<a href='http://savage.net.au/Flowers/Salvia.involucrata.html' target = '_blank'><img src='http://savage.net.au/Flowers/images/Salvia.involucrata.0.jpg' alt = ""Salvia involucrata""></a>"
Plant,"Salvia officinalis","Common sage","Garden sage",2018-11-12,"<a href='http://savage.net.au/Flowers/Salvia.officinalis.html' target = '_blank'><img src='http://savage.net.au/Flowers/images/Salvia.officinalis.0.jpg' alt = ""Salvia officinalis""></a>"
Plant,"Siegfredia darwinioides","Siegfredia darwinioides",-,2018-11-12,"<a href='http://savage.net.au/Flowers/Siegfredia.darwinioides.html' target = '_blank'><img src='http://savage.net.au/Flowers/images/Siegfredia.darwinioides.0.jpg' alt = ""Siegfredia darwinioides""></a>"
Plant,"Spiraea japonica","Japanese Spiraea","Japanese meadowsweet",2018-11-12,"<a href='http://savage.net.au/Flowers/Spiraea.japonica.html' target = '_blank'><img src='http://savage.net.au/Flowers/images/Spiraea.japonica.0.jpg' alt = ""Spiraea japonica""></a>"
Tree,"Streptosolen jamesonii","Marmalade Bush","Orange Browallia",2018-11-12,"<a href='http://savage.net.au/Flowers/Streptosolen.jamesonii.html' target = '_blank'><img src='http://savage.net.au/Flowers/images/Streptosolen.jamesonii.0.jpg' alt = ""Streptosolen jamesonii""></a>"
Plant,"Strobilanthes anisophyllus",Goldfussia,-,2018-11-12,"<a href='http://savage.net.au/Flowers/Strobilanthes.anisophyllus.html' target = '_blank'><img src='http://savage.net.au/Flowers/images/Strobilanthes.anisophyllus.0.jpg' alt = ""Strobilanthes anisophyllus""></a>"
Plant,"Tagetes erecta",Marigold,"Aztec marigold, 'Jezebel', <br>Mexican marigold",2018-11-12,"<a href='http://savage.net.au/Flowers/Tagetes.erecta.html' target = '_blank'><img src='http://savage.net.au/Flowers/images/Tagetes.erecta.0.jpg' alt = ""Tagetes erecta""></a>"
Plant,"Tagetes sp","Passionfruit Daisy",-,2018-11-12,"<a href='http://savage.net.au/Flowers/Tagetes.sp.html' target = '_blank'><img src='http://savage.net.au/Flowers/images/Tagetes.sp.0.jpg' alt = ""Tagetes sp""></a>"
Tree,"Tamarix aphylla","Tamarix aphylla","Athel pine, Athel tamarisk, <br>Athel tree and saltcedar",2018-11-12,"<a href='http://savage.net.au/Flowers/Tamarix.aphylla.html' target = '_blank'><img src='http://savage.net.au/Flowers/images/Tamarix.aphylla.0.jpg' alt = ""Tamarix aphylla""></a>"
Plant,"Tanacetum ptarmiciflorum","Silver lace bush","Silver lace bush",2018-11-12,"<a href='http://savage.net.au/Flowers/Tanacetum.ptarmiciflorum.html' target = '_blank'><img src='http://savage.net.au/Flowers/images/Tanacetum.ptarmiciflorum.0.jpg' alt = ""Tanacetum ptarmiciflorum""></a>"
Plant,"Tanacetum vulgare",Tansy,"Bitter buttons, cow bitter, common tansy, <br>golden buttons",2018-11-12,"<a href='http://savage.net.au/Flowers/Tanacetum.vulgare.html' target = '_blank'><img src='http://savage.net.au/Flowers/images/Tanacetum.vulgare.0.jpg' alt = ""Tanacetum vulgare""></a>"
Tree,"Telopea speciosissima x oreades","Shady Lady® Crimson",-,2018-11-12,"<a href='http://savage.net.au/Flowers/Telopea.speciosissima.x.oreades.html' target = '_blank'><img src='http://savage.net.au/Flowers/images/Telopea.speciosissima.x.oreades.0.jpg' alt = ""Telopea speciosissima x oreades""></a>"
Vegetable,"Tetragonia tetragonioides","Warrigul greens","Warrigul spinach",2018-11-12,"<a href='http://savage.net.au/Flowers/Tetragonia.tetragonioides.html' target = '_blank'><img src='http://savage.net.au/Flowers/images/Tetragonia.tetragonioides.0.jpg' alt = ""Tetragonia tetragonioides""></a>"
Plant,"Thelionema caespitosum","Thelionema caespitosum","Stypandra caespitosa, tufted blue-lily, <br>tufted lily",2018-11-12,"<a href='http://savage.net.au/Flowers/Thelionema.caespitosum.html' target = '_blank'><img src='http://savage.net.au/Flowers/images/Thelionema.caespitosum.0.jpg' alt = ""Thelionema caespitosum""></a>"
Plant,"Thryptomene saxicola 'F.C. Payne'","Payne's Thryptomene","",2018-11-12,"<a href='http://savage.net.au/Flowers/Thryptomene.saxicola.f.c.payne.html' target = '_blank'><img src='http://savage.net.au/Flowers/images/Thryptomene.saxicola.f.c.payne.0.jpg' alt = ""Thryptomene saxicola 'F.C. Payne'""></a>"
Tree,"Tibouchina urvilleana","Glory Bush","Glory trees",2018-11-12,"<a href='http://savage.net.au/Flowers/Tibouchina.urvilleana.html' target = '_blank'><img src='http://savage.net.au/Flowers/images/Tibouchina.urvilleana.0.jpg' alt = ""Tibouchina urvilleana""></a>"
Plant,"Tropaeolum majus",Nasturtium,"Nose-tweaker, Nose-twister",2018-11-12,"<a href='http://savage.net.au/Flowers/Tropaeolum.majus.html' target = '_blank'><img src='http://savage.net.au/Flowers/images/Tropaeolum.majus.0.jpg' alt = ""Tropaeolum majus""></a>"
Herb,"Valerianella locusta","Corn Salad","Common cornsalad, doucette, feldsalat, <br>fetticus, field salad, lamb's lettuce, <br>mÃ¢che, nut lettuce, raiponce, rapunzel",2018-11-12,"<a href='http://savage.net.au/Flowers/Valerianella.locusta.html' target = '_blank'><img src='http://savage.net.au/Flowers/images/Valerianella.locusta.0.jpg' alt = ""Valerianella locusta""></a>"
Plant,"Vigna unguiculata subsp. sesquipedalis","Snake bean","Asparagus bean, bodi, bora, <br>Chinese long bean, long-podded cowpea, <br>pea bean, yardlong bean",2018-11-12,"<a href='http://savage.net.au/Flowers/Vigna.unguiculata.subsp.sesquipedalis.html' target = '_blank'><img src='http://savage.net.au/Flowers/images/Vigna.unguiculata.subsp.sesquipedalis.0.jpg' alt = ""Vigna unguiculata subsp. sesquipedalis""></a>"
Plant,Viola,"Viola 3",Violet,2018-11-12,"<a href='http://savage.net.au/Flowers/Viola.html' target = '_blank'><img src='http://savage.net.au/Flowers/images/Viola.0.jpg' alt = ""Viola""></a>"
Plant,"Viola tricolor","Viola 1","Come-and-cuddle-me, Heart's delight, <br>Heartsease, Heart's ease, <br>Jack-jump-up-and-kiss-me, Johnny jump up, <br>Love-in-idleness, Three faces in a hood, <br>Tickle-my-fancy, Wild pansy, Yellow Pansy",2018-11-12,"<a href='http://savage.net.au/Flowers/Viola.tricolor.html' target = '_blank'><img src='http://savage.net.au/Flowers/images/Viola.tricolor.0.jpg' alt = ""Viola tricolor""></a>"
Plant,"Viola x wittrockiana","Viola 2","Garden pansy, Pansy",2018-11-12,"<a href='http://savage.net.au/Flowers/Viola.x.wittrockiana.html' target = '_blank'><img src='http://savage.net.au/Flowers/images/Viola.x.wittrockiana.0.jpg' alt = ""Viola x wittrockiana""></a>"
Plant,"Wisteria sinensis 'Alba'","Wisteria sinensis 'Alba'",-,2018-11-12,"<a href='http://savage.net.au/Flowers/Wisteria.sinensis.alba.html' target = '_blank'><img src='http://savage.net.au/Flowers/images/Wisteria.sinensis.alba.0.jpg' alt = ""Wisteria sinensis 'Alba'""></a>"
Plant,"Zantedeschia elliottiana","Golden arum lily","Calla Lily",2018-11-12,"<a href='http://savage.net.au/Flowers/Zantedeschia.elliottiana.html' target = '_blank'><img src='http://savage.net.au/Flowers/images/Zantedeschia.elliottiana.0.jpg' alt = ""Zantedeschia elliottiana""></a>"
